ClassBeginningTime;ClassEndingTime;ClassMeetingDays;ClassPeriod;RecordEndDateTime;RecordStartDateTime;TimeDayIdentifier;CourseSectionScheduleId;OrganizationId
1:30 PM;2:30 PM;Miércoles;Bloque01;;;;1;111
3:00 PM;4:00 PM;Martes;Bloque02;;;;2;111
3:00 PM;4:00 PM;Viernes;Bloque02;;;;3;111
4:30 PM;5:30 PM;Jueves;Bloque03;;;;4;111
4:30 PM;5:30 PM;Lunes;Bloque03;;;;5;111
1:30 PM;2:30 PM;Lunes;Bloque01;;;;6;112
3:00 PM;4:00 PM;Jueves;Bloque02;;;;7;112
3:00 PM;4:00 PM;Miércoles;Bloque02;;;;8;112
4:30 PM;5:30 PM;Martes;Bloque03;;;;9;112
4:30 PM;5:30 PM;Viernes;Bloque03;;;;10;112
1:30 PM;2:30 PM;Jueves;Bloque01;;;;11;113
1:30 PM;2:30 PM;Martes;Bloque01;;;;12;113
1:30 PM;2:30 PM;Viernes;Bloque01;;;;13;113
3:00 PM;4:00 PM;Lunes;Bloque02;;;;14;113
4:30 PM;5:30 PM;Miércoles;Bloque03;;;;15;113
12:00 PM;1:00 PM;Jueves;Bloque03;;;;16;128
12:00 PM;1:00 PM;Lunes;Bloque03;;;;17;128
12:00 PM;1:00 PM;Martes;Bloque03;;;;18;128
9:00 AM;10:00 AM;Lunes;Bloque01;;;;19;129
10:30 AM;11:30 AM;Lunes;Bloque02;;;;20;129
10:30 AM;11:30 AM;Miércoles;Bloque02;;;;21;129
10:30 AM;11:30 AM;Viernes;Bloque02;;;;22;129
12:00 PM;1:00 PM;Miércoles;Bloque03;;;;23;129
12:00 PM;1:00 PM;Viernes;Bloque03;;;;24;129
9:00 AM;10:00 AM;Jueves;Bloque01;;;;25;130
9:00 AM;10:00 AM;Martes;Bloque01;;;;26;130
9:00 AM;10:00 AM;Miércoles;Bloque01;;;;27;130
9:00 AM;10:00 AM;Viernes;Bloque01;;;;28;130
10:30 AM;11:30 AM;Jueves;Bloque02;;;;29;130
10:30 AM;11:30 AM;Martes;Bloque02;;;;30;130
10:30 AM;11:15 AM;Martes;Bloque04;;;;31;144
10:30 AM;11:15 AM;Miércoles;Bloque04;;;;32;144
11:30 AM;12:15 PM;Lunes;Bloque05;;;;33;144
12:15 PM;1:00 PM;Lunes;Bloque06;;;;34;144
9:45 AM;10:30 AM;Martes;Bloque03;;;;35;144
9:45 AM;10:30 AM;Miércoles;Bloque03;;;;36;144
10:30 AM;11:15 AM;Lunes;Bloque04;;;;37;144
9:45 AM;10:30 AM;Lunes;Bloque03;;;;38;144
8:00 AM;8:45 AM;Jueves;Bloque01;;;;39;145
8:45 AM;9:30 AM;Jueves;Bloque02;;;;40;145
9:45 AM;10:30 AM;Jueves;Bloque03;;;;41;145
11:30 AM;12:15 PM;Martes;Bloque05;;;;42;146
12:15 PM;1:00 PM;Martes;Bloque06;;;;43;146
9:45 AM;10:30 AM;Viernes;Bloque03;;;;44;146
11:30 AM;12:15 PM;Viernes;Bloque05;;;;45;151
12:15 PM;1:00 PM;Viernes;Bloque06;;;;46;151
10:30 AM;11:15 AM;Lunes;Bloque04;;;;47;149
8:00 AM;8:45 AM;Lunes;Bloque01;;;;48;143
8:00 AM;8:45 AM;Martes;Bloque01;;;;49;143
8:00 AM;8:45 AM;Miércoles;Bloque01;;;;50;143
8:00 AM;8:45 AM;Viernes;Bloque01;;;;51;143
8:45 AM;9:30 AM;Lunes;Bloque02;;;;52;143
8:45 AM;9:30 AM;Martes;Bloque02;;;;53;143
8:45 AM;9:30 AM;Miércoles;Bloque02;;;;54;143
8:45 AM;9:30 AM;Viernes;Bloque02;;;;55;143
9:00 AM;10:00 AM;Lunes;Bloque01;;;;56;147
9:45 AM;10:30 AM;Lunes;Bloque03;;;;57;147
12:15 PM;1:00 PM;Lunes;Bloque06;;;;58;147
11:30 AM;12:15 PM;Miércoles;Bloque05;;;;59;148
12:15 PM;1:00 PM;Miércoles;Bloque06;;;;60;148
10:30 AM;11:15 AM;Jueves;Bloque04;;;;61;150
11:30 AM;12:15 PM;Jueves;Bloque05;;;;62;150
12:15 PM;1:00 PM;Jueves;Bloque06;;;;63;150
10:30 AM;11:15 AM;Viernes;Bloque04;;;;64;152
8:00 AM;8:45 AM;Jueves;Bloque01;;;;65;157
8:45 AM;9:30 AM;Jueves;Bloque02;;;;66;157
9:00 AM;10:00 AM;Martes;Bloque01;;;;67;157
10:30 AM;11:15 AM;Martes;Bloque04;;;;68;157
11:30 AM;12:15 PM;Miércoles;Bloque05;;;;69;157
12:15 PM;1:00 PM;Miércoles;Bloque06;;;;70;157
9:45 AM;10:30 AM;Martes;Bloque03;;;;71;157
10:30 AM;11:15 AM;Jueves;Bloque04;;;;72;158
11:30 AM;12:15 PM;Lunes;Bloque05;;;;73;158
12:15 PM;1:00 PM;Lunes;Bloque06;;;;74;158
8:00 AM;8:45 AM;Miércoles;Bloque01;;;;75;159
8:45 AM;9:30 AM;Miércoles;Bloque02;;;;76;159
9:00 AM;10:00 AM;Miércoles;Bloque01;;;;77;159
9:45 AM;10:30 AM;Miércoles;Bloque03;;;;78;159
9:00 AM;10:00 AM;Lunes;Bloque01;;;;79;164
10:30 AM;11:15 AM;Lunes;Bloque04;;;;80;164
9:45 AM;10:30 AM;Lunes;Bloque03;;;;81;164
10:30 AM;11:15 AM;Miércoles;Bloque04;;;;82;162
8:00 AM;8:45 AM;Lunes;Bloque01;;;;83;156
8:00 AM;8:45 AM;Martes;Bloque01;;;;84;156
8:00 AM;8:45 AM;Viernes;Bloque01;;;;85;156
8:45 AM;9:30 AM;Lunes;Bloque02;;;;86;156
8:45 AM;9:30 AM;Martes;Bloque02;;;;87;156
8:45 AM;9:30 AM;Viernes;Bloque02;;;;88;156
11:30 AM;12:15 PM;Jueves;Bloque05;;;;89;156
12:15 PM;1:00 PM;Jueves;Bloque06;;;;90;156
9:00 AM;10:00 AM;Viernes;Bloque01;;;;91;160
9:45 AM;10:30 AM;Viernes;Bloque03;;;;92;160
11:30 AM;12:15 PM;Martes;Bloque05;;;;93;161
12:15 PM;1:00 PM;Martes;Bloque06;;;;94;161
10:30 AM;11:15 AM;Viernes;Bloque04;;;;95;163
11:30 AM;12:15 PM;Viernes;Bloque05;;;;96;163
12:15 PM;1:00 PM;Viernes;Bloque06;;;;97;163
9:00 AM;10:00 AM;Jueves;Bloque01;;;;98;165
9:45 AM;10:30 AM;Jueves;Bloque03;;;;99;165
8:00 AM;8:45 AM;Jueves;Bloque01;;;;100;179
8:00 AM;8:45 AM;Martes;Bloque01;;;;101;179
8:00 AM;8:45 AM;Miércoles;Bloque01;;;;102;179
8:45 AM;9:30 AM;Jueves;Bloque02;;;;103;179
8:45 AM;9:30 AM;Martes;Bloque02;;;;104;179
8:45 AM;9:30 AM;Miércoles;Bloque02;;;;105;179
10:30 AM;11:15 AM;Viernes;Bloque04;;;;106;180
11:30 AM;12:15 PM;Viernes;Bloque05;;;;107;180
9:45 AM;10:30 AM;Viernes;Bloque03;;;;108;180
11:30 AM;12:15 PM;Martes;Bloque05;;;;109;182
12:15 PM;1:00 PM;Martes;Bloque06;;;;110;182
9:45 AM;10:30 AM;Jueves;Bloque03;;;;111;182
1:45 PM;2:30 PM;Lunes;Bloque07;;;;112;190
2:30 PM;3:15 PM;Lunes;Bloque08;;;;113;190
11:30 AM;12:15 PM;Miércoles;Bloque05;;;;114;188
12:15 PM;1:00 PM;Miércoles;Bloque06;;;;115;188
8:00 AM;8:45 AM;Viernes;Bloque01;;;;116;176
8:45 AM;9:30 AM;Viernes;Bloque02;;;;117;176
10:30 AM;11:15 AM;Miércoles;Bloque04;;;;118;176
11:30 AM;12:15 PM;Jueves;Bloque05;;;;119;176
11:30 AM;12:15 PM;Lunes;Bloque05;;;;120;176
12:15 PM;1:00 PM;Jueves;Bloque06;;;;121;176
12:15 PM;1:00 PM;Lunes;Bloque06;;;;122;176
9:45 AM;10:30 AM;Miércoles;Bloque03;;;;123;176
10:30 AM;11:15 AM;Lunes;Bloque04;;;;124;184
10:30 AM;11:15 AM;Martes;Bloque04;;;;125;186
9:45 AM;10:30 AM;Martes;Bloque03;;;;126;186
8:00 AM;8:45 AM;Lunes;Bloque01;;;;127;189
8:45 AM;9:30 AM;Lunes;Bloque02;;;;128;189
1:45 PM;2:30 PM;Martes;Bloque07;;;;129;189
9:45 AM;10:30 AM;Lunes;Bloque03;;;;130;189
12:15 PM;1:00 PM;Viernes;Bloque06;;;;131;196
2:30 PM;3:15 PM;Martes;Bloque08;;;;132;191
1:45 PM;2:30 PM;Jueves;Bloque07;;;;133;198
2:30 PM;3:15 PM;Jueves;Bloque08;;;;134;198
2:30 PM;3:15 PM;Miércoles;Bloque08;;;;135;195
1:45 PM;2:30 PM;Miércoles;Bloque07;;;;136;192
10:30 AM;11:15 AM;Jueves;Bloque04;;;;137;194
8:00 AM;8:45 AM;Martes;Bloque01;;;;138;205
8:45 AM;9:30 AM;Martes;Bloque02;;;;139;205
10:30 AM;11:15 AM;Jueves;Bloque04;;;;140;205
11:30 AM;12:15 PM;Lunes;Bloque05;;;;141;205
12:15 PM;1:00 PM;Jueves;Bloque06;;;;142;205
12:15 PM;1:00 PM;Lunes;Bloque06;;;;143;205
8:00 AM;8:45 AM;Miércoles;Bloque01;;;;144;206
8:45 AM;9:30 AM;Miércoles;Bloque02;;;;145;206
9:45 AM;10:30 AM;Miércoles;Bloque03;;;;146;206
8:45 AM;9:30 AM;Lunes;Bloque02;;;;147;207
11:30 AM;12:15 PM;Martes;Bloque05;;;;148;207
12:15 PM;1:00 PM;Martes;Bloque06;;;;149;207
1:45 PM;2:30 PM;Martes;Bloque07;;;;150;220
2:30 PM;3:15 PM;Martes;Bloque08;;;;151;220
1:45 PM;2:30 PM;Miércoles;Bloque07;;;;152;211
2:30 PM;3:15 PM;Miércoles;Bloque08;;;;153;211
8:00 AM;8:45 AM;Jueves;Bloque01;;;;154;204
8:45 AM;9:30 AM;Jueves;Bloque02;;;;155;204
10:30 AM;11:15 AM;Lunes;Bloque04;;;;156;204
10:30 AM;11:15 AM;Martes;Bloque04;;;;157;204
10:30 AM;11:15 AM;Viernes;Bloque04;;;;158;204
9:45 AM;10:30 AM;Lunes;Bloque03;;;;159;204
9:45 AM;10:30 AM;Martes;Bloque03;;;;160;204
9:45 AM;10:30 AM;Viernes;Bloque03;;;;161;204
10:30 AM;11:15 AM;Miércoles;Bloque04;;;;162;208
11:30 AM;12:15 PM;Miércoles;Bloque05;;;;163;210
12:15 PM;1:00 PM;Miércoles;Bloque06;;;;164;210
8:00 AM;8:45 AM;Viernes;Bloque01;;;;165;212
8:45 AM;9:30 AM;Viernes;Bloque02;;;;166;212
11:30 AM;12:15 PM;Viernes;Bloque05;;;;167;212
12:15 PM;1:00 PM;Viernes;Bloque06;;;;168;212
8:00 AM;8:45 AM;Lunes;Bloque01;;;;169;213
11:30 AM;12:15 PM;Jueves;Bloque05;;;;170;218
1:45 PM;2:30 PM;Jueves;Bloque07;;;;171;214
1:45 PM;2:30 PM;Lunes;Bloque07;;;;172;214
2:30 PM;3:15 PM;Jueves;Bloque08;;;;173;214
2:30 PM;3:15 PM;Lunes;Bloque08;;;;174;214
2:30 PM;3:15 PM;Jueves;Bloque08;;;;175;217
2:30 PM;3:15 PM;Lunes;Bloque08;;;;176;217
1:45 PM;2:30 PM;Jueves;Bloque07;;;;177;219
1:45 PM;2:30 PM;Lunes;Bloque07;;;;178;219
9:45 AM;10:30 AM;Jueves;Bloque03;;;;179;216
8:00 AM;8:45 AM;Jueves;Bloque01;;;;180;229
8:45 AM;9:30 AM;Jueves;Bloque02;;;;181;229
10:30 AM;11:15 AM;Martes;Bloque04;;;;182;229
1:45 PM;2:30 PM;Jueves;Bloque07;;;;183;229
2:30 PM;3:15 PM;Jueves;Bloque08;;;;184;229
9:45 AM;10:30 AM;Martes;Bloque03;;;;185;229
11:30 AM;12:15 PM;Miércoles;Bloque05;;;;186;231
11:30 AM;12:15 PM;Viernes;Bloque05;;;;187;231
12:15 PM;1:00 PM;Miércoles;Bloque06;;;;188;231
12:15 PM;1:00 PM;Viernes;Bloque06;;;;189;231
10:30 AM;11:15 AM;Viernes;Bloque04;;;;190;230
11:30 AM;12:15 PM;Jueves;Bloque05;;;;191;230
12:15 PM;1:00 PM;Jueves;Bloque06;;;;192;230
9:45 AM;10:30 AM;Viernes;Bloque03;;;;193;230
8:00 AM;8:45 AM;Martes;Bloque01;;;;194;236
8:45 AM;9:30 AM;Martes;Bloque02;;;;195;236
9:45 AM;10:30 AM;Lunes;Bloque03;;;;196;234
12:15 PM;1:00 PM;Lunes;Bloque06;;;;197;234
8:00 AM;8:45 AM;Miércoles;Bloque01;;;;198;225
8:00 AM;8:45 AM;Viernes;Bloque01;;;;199;225
8:45 AM;9:30 AM;Miércoles;Bloque02;;;;200;225
8:45 AM;9:30 AM;Viernes;Bloque02;;;;201;225
1:45 PM;2:30 PM;Lunes;Bloque07;;;;202;225
2:30 PM;3:15 PM;Lunes;Bloque08;;;;203;225
11:30 AM;12:15 PM;Lunes;Bloque05;;;;204;232
9:45 AM;10:30 AM;Lunes;Bloque03;;;;205;232
10:30 AM;11:15 AM;Miércoles;Bloque04;;;;206;233
9:45 AM;10:30 AM;Miércoles;Bloque03;;;;207;233
1:45 PM;2:30 PM;Miércoles;Bloque07;;;;208;235
2:30 PM;3:15 PM;Miércoles;Bloque08;;;;209;235
12:15 PM;1:00 PM;Martes;Bloque06;;;;210;228
1:45 PM;2:30 PM;Martes;Bloque07;;;;211;228
2:30 PM;3:15 PM;Martes;Bloque08;;;;212;228
12:15 PM;1:00 PM;Lunes;Bloque06;;;;213;241
11:30 AM;12:15 PM;Lunes;Bloque05;;;;214;241
10:30 AM;11:15 AM;Jueves;Bloque04;;;;215;240
9:45 AM;10:30 AM;Jueves;Bloque03;;;;216;240
10:30 AM;11:15 AM;Lunes;Bloque04;;;;217;237
11:30 AM;12:15 PM;Martes;Bloque05;;;;218;237
8:00 AM;8:45 AM;Lunes;Bloque01;;;;219;239
8:45 AM;9:30 AM;Lunes;Bloque02;;;;220;239
10:30 AM;11:15 AM;Miércoles;Bloque04;;;;221;248
11:30 AM;12:15 PM;Jueves;Bloque05;;;;222;248
11:30 AM;12:15 PM;Martes;Bloque05;;;;223;248
11:30 AM;12:15 PM;Miércoles;Bloque05;;;;224;248
12:15 PM;1:00 PM;Martes;Bloque06;;;;225;248
12:15 PM;1:00 PM;Miércoles;Bloque06;;;;226;248
10:30 AM;11:15 AM;Lunes;Bloque04;;;;227;250
10:30 AM;11:15 AM;Viernes;Bloque04;;;;228;250
9:45 AM;10:30 AM;Lunes;Bloque03;;;;229;250
9:45 AM;10:30 AM;Viernes;Bloque03;;;;230;250
8:00 AM;8:45 AM;Lunes;Bloque01;;;;231;249
8:00 AM;8:45 AM;Miércoles;Bloque01;;;;232;249
8:45 AM;9:30 AM;Lunes;Bloque02;;;;233;249
8:45 AM;9:30 AM;Miércoles;Bloque02;;;;234;249
10:30 AM;11:15 AM;Jueves;Bloque04;;;;235;255
9:45 AM;10:30 AM;Jueves;Bloque03;;;;236;255
9:45 AM;10:30 AM;Miércoles;Bloque03;;;;237;253
11:30 AM;12:15 PM;Lunes;Bloque05;;;;238;244
12:15 PM;1:00 PM;Lunes;Bloque06;;;;239;244
1:45 PM;2:30 PM;Martes;Bloque07;;;;240;244
1:45 PM;2:30 PM;Miércoles;Bloque07;;;;241;244
2:30 PM;3:15 PM;Martes;Bloque08;;;;242;244
2:30 PM;3:15 PM;Miércoles;Bloque08;;;;243;244
8:45 AM;9:30 AM;Martes;Bloque02;;;;244;251
10:30 AM;11:15 AM;Martes;Bloque04;;;;245;252
9:45 AM;10:30 AM;Martes;Bloque03;;;;246;252
1:45 PM;2:30 PM;Jueves;Bloque07;;;;247;254
2:30 PM;3:15 PM;Jueves;Bloque08;;;;248;254
8:00 AM;8:45 AM;Jueves;Bloque01;;;;249;247
8:00 AM;8:45 AM;Martes;Bloque01;;;;250;247
8:45 AM;9:30 AM;Jueves;Bloque02;;;;251;247
12:15 PM;1:00 PM;Jueves;Bloque06;;;;252;260
8:00 AM;8:45 AM;Viernes;Bloque01;;;;253;259
8:45 AM;9:30 AM;Viernes;Bloque02;;;;254;259
11:30 AM;12:15 PM;Viernes;Bloque05;;;;255;256
12:15 PM;1:00 PM;Viernes;Bloque06;;;;256;256
1:45 PM;2:30 PM;Lunes;Bloque07;;;;257;258
2:30 PM;3:15 PM;Lunes;Bloque08;;;;258;258
8:00 AM;8:45 AM;Miércoles;Bloque01;;;;259;282
8:45 AM;9:30 AM;Miércoles;Bloque02;;;;260;282
10:30 AM;11:15 AM;Jueves;Bloque04;;;;261;282
1:45 PM;2:30 PM;Martes;Bloque07;;;;262;282
2:30 PM;3:15 PM;Martes;Bloque08;;;;263;282
9:45 AM;10:30 AM;Jueves;Bloque03;;;;264;282
8:00 AM;8:45 AM;Lunes;Bloque01;;;;265;284
8:45 AM;9:30 AM;Lunes;Bloque02;;;;266;284
11:30 AM;12:15 PM;Jueves;Bloque05;;;;267;284
12:15 PM;1:00 PM;Jueves;Bloque06;;;;268;284
8:00 AM;8:45 AM;Viernes;Bloque01;;;;269;283
8:45 AM;9:30 AM;Viernes;Bloque02;;;;270;283
11:30 AM;12:15 PM;Martes;Bloque05;;;;271;283
12:15 PM;1:00 PM;Martes;Bloque06;;;;272;283
8:00 AM;8:45 AM;Jueves;Bloque01;;;;273;289
8:45 AM;9:30 AM;Jueves;Bloque02;;;;274;289
1:45 PM;2:30 PM;Lunes;Bloque07;;;;275;287
2:30 PM;3:15 PM;Lunes;Bloque08;;;;276;287
1:45 PM;2:30 PM;Miércoles;Bloque07;;;;277;285
2:30 PM;3:15 PM;Miércoles;Bloque08;;;;278;286
11:30 AM;12:15 PM;Miércoles;Bloque05;;;;279;288
12:15 PM;1:00 PM;Miércoles;Bloque06;;;;280;288
8:45 AM;9:30 AM;Martes;Bloque02;;;;281;280
1:45 PM;2:30 PM;Jueves;Bloque07;;;;282;280
2:30 PM;3:15 PM;Jueves;Bloque08;;;;283;280
10:30 AM;11:15 AM;Martes;Bloque04;;;;284;278
10:30 AM;11:15 AM;Miércoles;Bloque04;;;;285;278
10:30 AM;11:15 AM;Viernes;Bloque04;;;;286;278
9:45 AM;10:30 AM;Martes;Bloque03;;;;287;278
9:45 AM;10:30 AM;Miércoles;Bloque03;;;;288;278
9:45 AM;10:30 AM;Viernes;Bloque03;;;;289;278
9:45 AM;10:30 AM;Lunes;Bloque03;;;;290;293
10:30 AM;11:15 AM;Lunes;Bloque04;;;;291;291
11:30 AM;12:15 PM;Lunes;Bloque05;;;;292;291
12:15 PM;1:00 PM;Lunes;Bloque06;;;;293;291
8:00 AM;8:45 AM;Martes;Bloque01;;;;294;290
11:30 AM;12:15 PM;Viernes;Bloque05;;;;295;290
12:15 PM;1:00 PM;Viernes;Bloque06;;;;296;290
11:30 AM;12:15 PM;Viernes;Bloque05;;;;297;315
1:45 PM;2:30 PM;Lunes;Bloque07;;;;298;315
2:30 PM;3:15 PM;Lunes;Bloque08;;;;299;315
1:45 PM;2:30 PM;Miércoles;Bloque07;;;;300;318
2:30 PM;3:15 PM;Miércoles;Bloque08;;;;301;318
10:30 AM;11:15 AM;Jueves;Bloque04;;;;302;319
10:30 AM;11:15 AM;Miércoles;Bloque04;;;;303;319
9:45 AM;10:30 AM;Jueves;Bloque03;;;;304;319
9:45 AM;10:30 AM;Miércoles;Bloque03;;;;305;319
11:30 AM;12:15 PM;Jueves;Bloque05;;;;306;324
12:15 PM;1:00 PM;Jueves;Bloque06;;;;307;324
10:30 AM;11:15 AM;Viernes;Bloque04;;;;308;322
9:45 AM;10:30 AM;Viernes;Bloque03;;;;309;322
2:30 PM;3:15 PM;Jueves;Bloque08;;;;310;320
1:45 PM;2:30 PM;Jueves;Bloque07;;;;311;321
1:45 PM;2:30 PM;Martes;Bloque07;;;;312;323
2:30 PM;3:15 PM;Martes;Bloque08;;;;313;323
10:30 AM;11:15 AM;Martes;Bloque04;;;;314;314
11:30 AM;12:15 PM;Martes;Bloque05;;;;315;314
9:45 AM;10:30 AM;Martes;Bloque03;;;;316;314
8:00 AM;8:45 AM;Lunes;Bloque01;;;;317;312
8:00 AM;8:45 AM;Martes;Bloque01;;;;318;312
8:45 AM;9:30 AM;Lunes;Bloque02;;;;319;312
8:45 AM;9:30 AM;Martes;Bloque02;;;;320;312
11:30 AM;12:15 PM;Miércoles;Bloque05;;;;321;312
12:15 PM;1:00 PM;Miércoles;Bloque06;;;;322;312
9:45 AM;10:30 AM;Lunes;Bloque03;;;;323;327
8:00 AM;8:45 AM;Jueves;Bloque01;;;;324;325
8:45 AM;9:30 AM;Jueves;Bloque02;;;;325;325
12:15 PM;1:00 PM;Viernes;Bloque06;;;;326;325
10:30 AM;11:15 AM;Lunes;Bloque04;;;;327;326
11:30 AM;12:15 PM;Lunes;Bloque05;;;;328;326
12:15 PM;1:00 PM;Lunes;Bloque06;;;;329;326
8:00 AM;8:45 AM;Martes;Bloque01;;;;330;353
8:45 AM;9:30 AM;Martes;Bloque02;;;;331;353
10:30 AM;11:15 AM;Miércoles;Bloque04;;;;332;353
1:45 PM;2:30 PM;Martes;Bloque07;;;;333;353
2:30 PM;3:15 PM;Martes;Bloque08;;;;334;353
3:25 PM;4:10 PM;Jueves;Bloque09;;;;335;353
9:45 AM;10:30 AM;Miércoles;Bloque03;;;;336;353
8:00 AM;8:45 AM;Miércoles;Bloque01;;;;337;355
8:45 AM;9:30 AM;Miércoles;Bloque02;;;;338;355
11:30 AM;12:15 PM;Lunes;Bloque05;;;;339;355
11:30 AM;12:15 PM;Viernes;Bloque05;;;;340;355
12:15 PM;1:00 PM;Lunes;Bloque06;;;;341;355
12:15 PM;1:00 PM;Viernes;Bloque06;;;;342;355
10:30 AM;11:15 AM;Jueves;Bloque04;;;;343;354
11:30 AM;12:15 PM;Miércoles;Bloque05;;;;344;354
12:15 PM;1:00 PM;Miércoles;Bloque06;;;;345;354
9:45 AM;10:30 AM;Jueves;Bloque03;;;;346;354
1:45 PM;2:30 PM;Jueves;Bloque07;;;;347;359
2:30 PM;3:15 PM;Jueves;Bloque08;;;;348;359
8:00 AM;8:45 AM;Lunes;Bloque01;;;;349;357
8:45 AM;9:30 AM;Lunes;Bloque02;;;;350;357
1:45 PM;2:30 PM;Lunes;Bloque07;;;;351;356
2:30 PM;3:15 PM;Lunes;Bloque08;;;;352;356
10:30 AM;11:15 AM;Martes;Bloque04;;;;353;358
9:45 AM;10:30 AM;Martes;Bloque03;;;;354;358
8:00 AM;8:45 AM;Viernes;Bloque01;;;;355;352
8:45 AM;9:30 AM;Viernes;Bloque02;;;;356;352
11:30 AM;12:15 PM;Jueves;Bloque05;;;;357;352
12:15 PM;1:00 PM;Jueves;Bloque06;;;;358;352
8:00 AM;8:45 AM;Jueves;Bloque01;;;;359;351
8:45 AM;9:30 AM;Jueves;Bloque02;;;;360;351
10:30 AM;11:15 AM;Lunes;Bloque04;;;;361;351
1:45 PM;2:30 PM;Miércoles;Bloque07;;;;362;351
2:30 PM;3:15 PM;Miércoles;Bloque08;;;;363;351
9:45 AM;10:30 AM;Lunes;Bloque03;;;;364;351
3:25 PM;4:10 PM;Lunes;Bloque09;;;;365;362
11:30 AM;12:15 PM;Martes;Bloque05;;;;366;361
12:15 PM;1:00 PM;Martes;Bloque06;;;;367;361
3:25 PM;4:10 PM;Martes;Bloque09;;;;368;361
10:30 AM;11:15 AM;Viernes;Bloque04;;;;369;360
3:25 PM;4:10 PM;Miércoles;Bloque09;;;;370;360
9:45 AM;10:30 AM;Viernes;Bloque03;;;;371;360
10:30 AM;11:15 AM;Viernes;Bloque04;;;;372;366
11:30 AM;12:15 PM;Martes;Bloque05;;;;373;366
12:15 PM;1:00 PM;Martes;Bloque06;;;;374;366
1:45 PM;2:30 PM;Miércoles;Bloque07;;;;375;366
2:30 PM;3:15 PM;Miércoles;Bloque08;;;;376;366
3:25 PM;4:10 PM;Lunes;Bloque09;;;;377;366
9:45 AM;10:30 AM;Viernes;Bloque03;;;;378;366
10:30 AM;11:15 AM;Lunes;Bloque04;;;;379;368
10:30 AM;11:15 AM;Martes;Bloque04;;;;380;368
11:30 AM;12:15 PM;Jueves;Bloque05;;;;381;368
12:15 PM;1:00 PM;Jueves;Bloque06;;;;382;368
9:45 AM;10:30 AM;Lunes;Bloque03;;;;383;368
9:45 AM;10:30 AM;Martes;Bloque03;;;;384;368
8:00 AM;8:45 AM;Viernes;Bloque01;;;;385;367
8:45 AM;9:30 AM;Viernes;Bloque02;;;;386;367
3:25 PM;4:10 PM;Jueves;Bloque09;;;;387;367
3:25 PM;4:10 PM;Martes;Bloque09;;;;388;367
11:30 AM;12:15 PM;Lunes;Bloque05;;;;389;372
12:15 PM;1:00 PM;Lunes;Bloque06;;;;390;372
8:00 AM;8:45 AM;Miércoles;Bloque01;;;;391;370
8:45 AM;9:30 AM;Miércoles;Bloque02;;;;392;370
10:30 AM;11:15 AM;Jueves;Bloque04;;;;393;369
9:45 AM;10:30 AM;Jueves;Bloque03;;;;394;369
10:30 AM;11:15 AM;Miércoles;Bloque04;;;;395;371
9:45 AM;10:30 AM;Miércoles;Bloque03;;;;396;371
8:00 AM;8:45 AM;Jueves;Bloque01;;;;397;365
8:45 AM;9:30 AM;Jueves;Bloque02;;;;398;365
1:45 PM;2:30 PM;Lunes;Bloque07;;;;399;365
2:30 PM;3:15 PM;Lunes;Bloque08;;;;400;365
8:00 AM;8:45 AM;Lunes;Bloque01;;;;401;364
8:45 AM;9:30 AM;Lunes;Bloque02;;;;402;364
11:30 AM;12:15 PM;Miércoles;Bloque05;;;;403;364
12:15 PM;1:00 PM;Miércoles;Bloque06;;;;404;364
1:45 PM;2:30 PM;Jueves;Bloque07;;;;405;364
2:30 PM;3:15 PM;Jueves;Bloque08;;;;406;364
3:25 PM;4:10 PM;Miércoles;Bloque09;;;;407;375
8:45 AM;9:30 AM;Martes;Bloque02;;;;408;374
1:45 PM;2:30 PM;Martes;Bloque07;;;;409;374
2:30 PM;3:15 PM;Martes;Bloque08;;;;410;374
8:00 AM;8:45 AM;Martes;Bloque01;;;;411;373
11:30 AM;12:15 PM;Viernes;Bloque05;;;;412;373
12:15 PM;1:00 PM;Viernes;Bloque06;;;;413;373
8:00 AM;8:45 AM;Miércoles;Bloque01;;;;414;380
8:45 AM;9:30 AM;Miércoles;Bloque02;;;;415;380
10:30 AM;11:15 AM;Lunes;Bloque04;;;;416;380
1:45 PM;2:30 PM;Jueves;Bloque07;;;;417;380
2:30 PM;3:15 PM;Jueves;Bloque08;;;;418;380
9:45 AM;10:30 AM;Lunes;Bloque03;;;;419;380
9:45 AM;10:30 AM;Martes;Bloque03;;;;420;380
8:00 AM;8:45 AM;Jueves;Bloque01;;;;421;382
8:45 AM;9:30 AM;Jueves;Bloque02;;;;422;382
1:45 PM;2:30 PM;Lunes;Bloque07;;;;423;382
1:45 PM;2:30 PM;Martes;Bloque07;;;;424;382
2:30 PM;3:15 PM;Lunes;Bloque08;;;;425;382
2:30 PM;3:15 PM;Martes;Bloque08;;;;426;382
10:30 AM;11:15 AM;Miércoles;Bloque04;;;;427;381
10:30 AM;11:15 AM;Viernes;Bloque04;;;;428;381
9:45 AM;10:30 AM;Miércoles;Bloque03;;;;429;381
9:45 AM;10:30 AM;Viernes;Bloque03;;;;430;381
11:30 AM;12:15 PM;Martes;Bloque05;;;;431;386
12:15 PM;1:00 PM;Martes;Bloque06;;;;432;386
8:00 AM;8:45 AM;Viernes;Bloque01;;;;433;384
8:45 AM;9:30 AM;Viernes;Bloque02;;;;434;384
11:30 AM;12:15 PM;Miércoles;Bloque05;;;;435;383
12:15 PM;1:00 PM;Miércoles;Bloque06;;;;436;383
8:00 AM;8:45 AM;Martes;Bloque01;;;;437;385
8:45 AM;9:30 AM;Martes;Bloque02;;;;438;385
8:00 AM;8:45 AM;Lunes;Bloque01;;;;439;379
8:45 AM;9:30 AM;Lunes;Bloque02;;;;440;379
11:30 AM;12:15 PM;Viernes;Bloque05;;;;441;379
12:15 PM;1:00 PM;Viernes;Bloque06;;;;442;379
10:30 AM;11:15 AM;Jueves;Bloque04;;;;443;378
11:30 AM;12:15 PM;Lunes;Bloque05;;;;444;378
12:15 PM;1:00 PM;Lunes;Bloque06;;;;445;378
3:25 PM;4:10 PM;Jueves;Bloque09;;;;446;378
3:25 PM;4:10 PM;Lunes;Bloque09;;;;447;378
9:45 AM;10:30 AM;Jueves;Bloque03;;;;448;378
3:25 PM;4:10 PM;Miércoles;Bloque09;;;;449;389
10:30 AM;11:15 AM;Martes;Bloque04;;;;450;388
1:45 PM;2:30 PM;Miércoles;Bloque07;;;;451;388
2:30 PM;3:15 PM;Miércoles;Bloque08;;;;452;388
11:30 AM;12:15 PM;Jueves;Bloque05;;;;453;387
12:15 PM;1:00 PM;Jueves;Bloque06;;;;454;387
3:25 PM;4:10 PM;Martes;Bloque09;;;;455;387
8:00 AM;8:45 AM;Lunes;Bloque01;;;;456;393
8:45 AM;9:30 AM;Lunes;Bloque02;;;;457;393
10:30 AM;11:15 AM;Jueves;Bloque04;;;;458;393
11:30 AM;12:15 PM;Miércoles;Bloque05;;;;459;393
12:15 PM;1:00 PM;Miércoles;Bloque06;;;;460;393
3:25 PM;4:10 PM;Martes;Bloque09;;;;461;393
9:45 AM;10:30 AM;Jueves;Bloque03;;;;462;393
8:00 AM;8:45 AM;Martes;Bloque01;;;;463;395
8:45 AM;9:30 AM;Martes;Bloque02;;;;464;395
10:30 AM;11:15 AM;Miércoles;Bloque04;;;;465;395
10:30 AM;11:15 AM;Viernes;Bloque04;;;;466;395
9:45 AM;10:30 AM;Miércoles;Bloque03;;;;467;395
9:45 AM;10:30 AM;Viernes;Bloque03;;;;468;395
1:45 PM;2:30 PM;Martes;Bloque07;;;;469;394
1:45 PM;2:30 PM;Miércoles;Bloque07;;;;470;394
2:30 PM;3:15 PM;Martes;Bloque08;;;;471;394
2:30 PM;3:15 PM;Miércoles;Bloque08;;;;472;394
10:30 AM;11:15 AM;Martes;Bloque04;;;;473;399
9:45 AM;10:30 AM;Martes;Bloque03;;;;474;399
11:30 AM;12:15 PM;Viernes;Bloque05;;;;475;397
12:15 PM;1:00 PM;Viernes;Bloque06;;;;476;397
8:00 AM;8:45 AM;Viernes;Bloque01;;;;477;396
8:45 AM;9:30 AM;Viernes;Bloque02;;;;478;396
11:30 AM;12:15 PM;Martes;Bloque05;;;;479;398
12:15 PM;1:00 PM;Martes;Bloque06;;;;480;398
10:30 AM;11:15 AM;Lunes;Bloque04;;;;481;392
1:45 PM;2:30 PM;Jueves;Bloque07;;;;482;392
2:30 PM;3:15 PM;Jueves;Bloque08;;;;483;392
9:45 AM;10:30 AM;Lunes;Bloque03;;;;484;392
8:00 AM;8:45 AM;Miércoles;Bloque01;;;;485;391
8:45 AM;9:30 AM;Miércoles;Bloque02;;;;486;391
11:30 AM;12:15 PM;Jueves;Bloque05;;;;487;391
12:15 PM;1:00 PM;Jueves;Bloque06;;;;488;391
1:45 PM;2:30 PM;Lunes;Bloque07;;;;489;391
2:30 PM;3:15 PM;Lunes;Bloque08;;;;490;391
3:25 PM;4:10 PM;Lunes;Bloque09;;;;491;401
11:30 AM;12:15 PM;Lunes;Bloque05;;;;492;402
12:15 PM;1:00 PM;Lunes;Bloque06;;;;493;402
3:25 PM;4:10 PM;Miércoles;Bloque09;;;;494;402
8:00 AM;8:45 AM;Jueves;Bloque01;;;;495;400
8:45 AM;9:30 AM;Jueves;Bloque02;;;;496;400
3:25 PM;4:10 PM;Jueves;Bloque09;;;;497;400
8:00 AM;8:45 AM;Lunes;Bloque01;;;;498;500
8:45 AM;9:30 AM;Lunes;Bloque02;;;;499;500
9:45 AM;10:30 AM;Lunes;Bloque03;;;;500;500
11:30 AM;12:15 PM;Jueves;Bloque05;;;;501;498
12:15 PM;1:00 PM;Jueves;Bloque06;;;;502;498
10:30 AM;11:15 AM;Jueves;Bloque04;;;;503;497
12:15 PM;1:00 PM;Miércoles;Bloque06;;;;504;497
9:45 AM;10:30 AM;Jueves;Bloque03;;;;505;497
8:00 AM;8:45 AM;Jueves;Bloque01;;;;506;510
8:45 AM;9:30 AM;Jueves;Bloque02;;;;507;510
1:45 PM;2:30 PM;Jueves;Bloque07;;;;508;501
2:30 PM;3:15 PM;Jueves;Bloque08;;;;509;501
8:00 AM;8:45 AM;Viernes;Bloque01;;;;510;503
8:45 AM;9:30 AM;Viernes;Bloque02;;;;511;503
3:25 PM;4:10 PM;Jueves;Bloque09;;;;512;511
10:30 AM;11:15 AM;Martes;Bloque04;;;;513;502
9:45 AM;10:30 AM;Martes;Bloque03;;;;514;502
8:00 AM;8:45 AM;Martes;Bloque01;;;;515;507
8:45 AM;9:30 AM;Martes;Bloque02;;;;516;507
1:45 PM;2:30 PM;Miércoles;Bloque07;;;;517;507
2:30 PM;3:15 PM;Miércoles;Bloque08;;;;518;507
3:25 PM;4:10 PM;Miércoles;Bloque09;;;;519;507
10:30 AM;11:15 AM;Lunes;Bloque04;;;;520;504
11:30 AM;12:15 PM;Lunes;Bloque05;;;;521;504
12:15 PM;1:00 PM;Lunes;Bloque06;;;;522;504
1:45 PM;2:30 PM;Lunes;Bloque07;;;;523;504
2:30 PM;3:15 PM;Lunes;Bloque08;;;;524;504
3:25 PM;4:10 PM;Lunes;Bloque09;;;;525;504
8:00 AM;8:45 AM;Miércoles;Bloque01;;;;526;509
8:45 AM;9:30 AM;Miércoles;Bloque02;;;;527;509
10:30 AM;11:15 AM;Miércoles;Bloque04;;;;528;509
11:30 AM;12:15 PM;Miércoles;Bloque05;;;;529;509
9:45 AM;10:30 AM;Miércoles;Bloque03;;;;530;509
10:30 AM;11:15 AM;Viernes;Bloque04;;;;531;506
11:30 AM;12:15 PM;Viernes;Bloque05;;;;532;506
12:15 PM;1:00 PM;Viernes;Bloque06;;;;533;506
9:45 AM;10:30 AM;Viernes;Bloque03;;;;534;506
11:30 AM;12:15 PM;Martes;Bloque05;;;;535;508
12:15 PM;1:00 PM;Martes;Bloque06;;;;536;508
1:45 PM;2:30 PM;Martes;Bloque07;;;;537;508
2:30 PM;3:15 PM;Martes;Bloque08;;;;538;508
3:25 PM;4:10 PM;Martes;Bloque09;;;;539;508
8:00 AM;8:45 AM;Miércoles;Bloque01;;;;540;518
8:45 AM;9:30 AM;Miércoles;Bloque02;;;;541;518
9:45 AM;10:30 AM;Miércoles;Bloque03;;;;542;518
10:30 AM;11:15 AM;Viernes;Bloque04;;;;543;517
9:45 AM;10:30 AM;Viernes;Bloque03;;;;544;517
8:00 AM;8:45 AM;Martes;Bloque01;;;;545;516
8:45 AM;9:30 AM;Martes;Bloque02;;;;546;516
9:45 AM;10:30 AM;Martes;Bloque03;;;;547;516
11:30 AM;12:15 PM;Viernes;Bloque05;;;;548;519
12:15 PM;1:00 PM;Viernes;Bloque06;;;;549;519
10:30 AM;11:15 AM;Jueves;Bloque04;;;;550;521
9:45 AM;10:30 AM;Jueves;Bloque03;;;;551;521
11:30 AM;12:15 PM;Lunes;Bloque05;;;;552;529
3:25 PM;4:10 PM;Lunes;Bloque09;;;;553;529
8:00 AM;8:45 AM;Jueves;Bloque01;;;;554;520
8:45 AM;9:30 AM;Jueves;Bloque02;;;;555;520
8:00 AM;8:45 AM;Viernes;Bloque01;;;;556;526
8:45 AM;9:30 AM;Viernes;Bloque02;;;;557;526
2:30 PM;3:15 PM;Jueves;Bloque08;;;;558;524
3:25 PM;4:10 PM;Jueves;Bloque09;;;;559;524
11:30 AM;12:15 PM;Jueves;Bloque05;;;;560;525
12:15 PM;1:00 PM;Jueves;Bloque06;;;;561;525
1:45 PM;2:30 PM;Jueves;Bloque07;;;;562;525
10:30 AM;11:15 AM;Miércoles;Bloque04;;;;563;528
11:30 AM;12:15 PM;Miércoles;Bloque05;;;;564;528
12:15 PM;1:00 PM;Miércoles;Bloque06;;;;565;528
1:45 PM;2:30 PM;Miércoles;Bloque07;;;;566;528
2:30 PM;3:15 PM;Miércoles;Bloque08;;;;567;528
3:25 PM;4:10 PM;Miércoles;Bloque09;;;;568;528
11:30 AM;12:15 PM;Lunes;Bloque05;;;;569;522
12:15 PM;1:00 PM;Lunes;Bloque06;;;;570;522
1:45 PM;2:30 PM;Lunes;Bloque07;;;;571;522
2:30 PM;3:15 PM;Lunes;Bloque08;;;;572;522
3:25 PM;4:10 PM;Lunes;Bloque09;;;;573;522
10:30 AM;11:15 AM;Martes;Bloque04;;;;574;527
11:30 AM;12:15 PM;Martes;Bloque05;;;;575;527
12:15 PM;1:00 PM;Martes;Bloque06;;;;576;527
1:45 PM;2:30 PM;Martes;Bloque07;;;;577;527
2:30 PM;3:15 PM;Martes;Bloque08;;;;578;527
3:25 PM;4:10 PM;Martes;Bloque09;;;;579;527
8:00 AM;8:45 AM;Lunes;Bloque01;;;;580;523
8:45 AM;9:30 AM;Lunes;Bloque02;;;;581;523
10:30 AM;11:15 AM;Lunes;Bloque04;;;;582;523
9:45 AM;10:30 AM;Lunes;Bloque03;;;;583;523
8:00 AM;8:45 AM;Jueves;Bloque01;;;;584;540
8:00 AM;8:45 AM;Viernes;Bloque01;;;;585;540
8:45 AM;9:30 AM;Viernes;Bloque02;;;;586;540
11:30 AM;12:15 PM;Lunes;Bloque05;;;;587;539
12:15 PM;1:00 PM;Lunes;Bloque06;;;;588;539
1:45 PM;2:30 PM;Martes;Bloque07;;;;589;538
2:30 PM;3:15 PM;Martes;Bloque08;;;;590;538
3:25 PM;4:10 PM;Martes;Bloque09;;;;591;538
8:00 AM;8:45 AM;Miércoles;Bloque01;;;;592;548
8:45 AM;9:30 AM;Miércoles;Bloque02;;;;593;548
10:30 AM;11:15 AM;Martes;Bloque04;;;;594;541
9:45 AM;10:30 AM;Martes;Bloque03;;;;595;541
11:30 AM;12:15 PM;Martes;Bloque05;;;;596;543
12:15 PM;1:00 PM;Martes;Bloque06;;;;597;543
10:30 AM;11:15 AM;Lunes;Bloque04;;;;598;551
8:00 AM;8:45 AM;Martes;Bloque01;;;;599;542
8:45 AM;9:30 AM;Martes;Bloque02;;;;600;542
1:45 PM;2:30 PM;Lunes;Bloque07;;;;601;550
2:30 PM;3:15 PM;Lunes;Bloque08;;;;602;550
3:25 PM;4:10 PM;Lunes;Bloque09;;;;603;550
10:30 AM;11:15 AM;Jueves;Bloque04;;;;604;545
11:30 AM;12:15 PM;Jueves;Bloque05;;;;605;545
12:15 PM;1:00 PM;Jueves;Bloque06;;;;606;545
1:45 PM;2:30 PM;Jueves;Bloque07;;;;607;545
2:30 PM;3:15 PM;Jueves;Bloque08;;;;608;545
3:25 PM;4:10 PM;Jueves;Bloque09;;;;609;545
10:30 AM;11:15 AM;Miércoles;Bloque04;;;;610;546
11:30 AM;12:15 PM;Miércoles;Bloque05;;;;611;546
12:15 PM;1:00 PM;Miércoles;Bloque06;;;;612;546
1:45 PM;2:30 PM;Miércoles;Bloque07;;;;613;546
2:30 PM;3:15 PM;Miércoles;Bloque08;;;;614;546
3:25 PM;4:10 PM;Miércoles;Bloque09;;;;615;546
9:45 AM;10:30 AM;Miércoles;Bloque03;;;;616;546
8:45 AM;9:30 AM;Jueves;Bloque02;;;;617;547
9:45 AM;10:30 AM;Jueves;Bloque03;;;;618;547
10:30 AM;11:15 AM;Viernes;Bloque04;;;;619;549
11:30 AM;12:15 PM;Viernes;Bloque05;;;;620;549
12:15 PM;1:00 PM;Viernes;Bloque06;;;;621;549
9:45 AM;10:30 AM;Viernes;Bloque03;;;;622;549
8:00 AM;8:45 AM;Lunes;Bloque01;;;;623;544
8:45 AM;9:30 AM;Lunes;Bloque02;;;;624;544
9:45 AM;10:30 AM;Lunes;Bloque03;;;;625;544
11:30 AM;12:15 PM;Jueves;Bloque05;;;;626;563
12:15 PM;1:00 PM;Jueves;Bloque06;;;;627;563
12:15 PM;1:00 PM;Viernes;Bloque06;;;;628;563
10:30 AM;11:15 AM;Jueves;Bloque04;;;;629;562
9:45 AM;10:30 AM;Jueves;Bloque03;;;;630;562
1:45 PM;2:30 PM;Miércoles;Bloque07;;;;631;561
2:30 PM;3:15 PM;Miércoles;Bloque08;;;;632;561
3:25 PM;4:10 PM;Miércoles;Bloque09;;;;633;561
8:00 AM;8:45 AM;Jueves;Bloque01;;;;634;564
8:45 AM;9:30 AM;Jueves;Bloque02;;;;635;564
1:45 PM;2:30 PM;Jueves;Bloque07;;;;636;565
2:30 PM;3:15 PM;Jueves;Bloque08;;;;637;565
3:25 PM;4:10 PM;Lunes;Bloque09;;;;638;572
11:30 AM;12:15 PM;Viernes;Bloque05;;;;639;566
3:25 PM;4:10 PM;Jueves;Bloque09;;;;640;566
8:00 AM;8:45 AM;Miércoles;Bloque01;;;;641;569
8:45 AM;9:30 AM;Miércoles;Bloque02;;;;642;569
9:45 AM;10:30 AM;Miércoles;Bloque03;;;;643;569
8:00 AM;8:45 AM;Martes;Bloque01;;;;644;567
10:30 AM;11:15 AM;Miércoles;Bloque04;;;;645;567
11:30 AM;12:15 PM;Miércoles;Bloque05;;;;646;567
12:15 PM;1:00 PM;Miércoles;Bloque06;;;;647;567
8:00 AM;8:45 AM;Viernes;Bloque01;;;;648;568
8:45 AM;9:30 AM;Viernes;Bloque02;;;;649;568
10:30 AM;11:15 AM;Viernes;Bloque04;;;;650;568
9:45 AM;10:30 AM;Viernes;Bloque03;;;;651;568
8:00 AM;8:45 AM;Lunes;Bloque01;;;;652;570
8:45 AM;9:30 AM;Lunes;Bloque02;;;;653;570
10:30 AM;11:15 AM;Lunes;Bloque04;;;;654;570
11:30 AM;12:15 PM;Lunes;Bloque05;;;;655;570
12:15 PM;1:00 PM;Lunes;Bloque06;;;;656;570
1:45 PM;2:30 PM;Lunes;Bloque07;;;;657;570
2:30 PM;3:15 PM;Lunes;Bloque08;;;;658;570
9:45 AM;10:30 AM;Lunes;Bloque03;;;;659;570
8:45 AM;9:30 AM;Martes;Bloque02;;;;660;571
10:30 AM;11:15 AM;Martes;Bloque04;;;;661;571
11:30 AM;12:15 PM;Martes;Bloque05;;;;662;571
12:15 PM;1:00 PM;Martes;Bloque06;;;;663;571
1:45 PM;2:30 PM;Martes;Bloque07;;;;664;571
2:30 PM;3:15 PM;Martes;Bloque08;;;;665;571
3:25 PM;4:10 PM;Martes;Bloque09;;;;666;571
9:45 AM;10:30 AM;Martes;Bloque03;;;;667;571
