RecordEndDateTime;RecordStartDateTime;RefOrganizationTypeId;RegionGeoJSON;Name;OrganizationId;ShortName
;;10;;COLEGIO RAULI;100;Rauli
;;38;;Regular;101;Regular
;;39;;TARDE;102;TARDE
;;40;;01:Educación Parvularia;103;01:Educación Parvularia
;;41;;000:Ciclo General;104;000:Ciclo General
;;42;;000:Ciclo General;105;000:Ciclo General
;;43;;000:Ciclo General;106;000:Ciclo General
;;44;;01:Simple;107;01:Simple
;;45;;010:Educación Parvularia;108;010:Educación Parvularia
;;46;;010.04:Primer Nivel de Transición (Pre-kinder);109;010.04:Primer Nivel de Transición (Pre-kinder)
;;21;;A;110;A
;;22;;Desarrollo Personal y Social;111;Desarrollo Personal y Social
;;22;;Comunicación Integral;112;Comunicación Integral
;;22;;Interacción y Compresión del Entorno;113;Interacción y Compresión del Entorno
;;39;;Mañana;114;Mañana
;;40;;01:Educación Parvularia;115;01:Educación Parvularia
;;41;;000:Ciclo General;116;000:Ciclo General
;;42;;000:Ciclo General;117;000:Ciclo General
;;43;;000:Ciclo General;118;000:Ciclo General
;;44;;01:Simple;119;01:Simple
;;45;;010:Educación Parvularia;120;010:Educación Parvularia
;;46;;010.04:Primer Nivel de Transición (Pre-kinder);121;010.04:Primer Nivel de Transición (Pre-kinder)
;;21;;B;122;B
;;22;;Desarrollo Personal y Social;123;Desarrollo Personal y Social
;;22;;Comunicación Integral;124;Comunicación Integral
;;22;;Interacción y Compresión del Entorno;125;Interacción y Compresión del Entorno
;;46;;010.05:Segundo Nivel de Transición (Kinder);126;010.05:Segundo Nivel de Transición (Kinder)
;;21;;A;127;A
;;22;;Desarrollo Personal y Social;128;Desarrollo Personal y Social
;;22;;Comunicación Integral;129;Comunicación Integral
;;22;;Interacción y Compresión del Entorno;130;Interacción y Compresión del Entorno
;;21;;B;131;B
;;22;;Desarrollo Personal y Social;132;Desarrollo Personal y Social
;;22;;Comunicación Integral;133;Comunicación Integral
;;22;;Interacción y Compresión del Entorno;134;Interacción y Compresión del Entorno
;;40;;02:Enseñanza Básica Niños;135;02:Enseñanza Básica Niños
;;41;;000:Ciclo General;136;000:Ciclo General
;;42;;000:Ciclo General;137;000:Ciclo General
;;43;;000:Ciclo General;138;000:Ciclo General
;;44;;01:Simple;139;01:Simple
;;45;;110:Enseñanza Básica;140;110:Enseñanza Básica
;;46;;110.01:1º Básico;141;110.01:1º Básico
;;21;;A;142;A
;;22;;LENGUAJE Y COMUNICACION;143;LENGUAJE Y COMUNICACION
;;22;;MATEMATICA;144;MATEMATICA
;;22;;CIENCIAS NATURALES;145;CIENCIAS NATURALES
;;22;;HISTORIA, GEOGRAFIA Y CIENCIAS SOCIALES;146;HISTORIA, GEOGRAFIA Y CIENCIAS SOCIALES
;;22;;TECNOLOGIA;147;TECNOLOGIA
;;22;;ARTES VISUALES;148;ARTES VISUALES
;;22;;MUSICA;149;MUSICA
;;22;;EDUCACION FISICA Y SALUD;150;EDUCACION FISICA Y SALUD
;;22;;RELIGION;151;RELIGION
;;22;;Orientación;152;Orientación
;;21;;B;153;B
;;46;;110.02:2º Básico;154;110.02:2º Básico
;;21;;A;155;A
;;22;;LENGUAJE Y COMUNICACION;156;LENGUAJE Y COMUNICACION
;;22;;MATEMATICA;157;MATEMATICA
;;22;;CIENCIAS NATURALES;158;CIENCIAS NATURALES
;;22;;HISTORIA, GEOGRAFIA Y CIENCIAS SOCIALES;159;HISTORIA, GEOGRAFIA Y CIENCIAS SOCIALES
;;22;;TECNOLOGIA;160;TECNOLOGIA
;;22;;ARTES VISUALES;161;ARTES VISUALES
;;22;;MUSICA;162;MUSICA
;;22;;EDUCACION FISICA Y SALUD;163;EDUCACION FISICA Y SALUD
;;22;;RELIGION;164;RELIGION
;;22;;Orientación;165;Orientación
;;21;;B;166;B
;;39;;Jornada Completa;167;Jornada Completa
;;40;;02:Enseñanza Básica Niños;168;02:Enseñanza Básica Niños
;;41;;000:Ciclo General;169;000:Ciclo General
;;42;;000:Ciclo General;170;000:Ciclo General
;;43;;000:Ciclo General;171;000:Ciclo General
;;44;;01:Simple;172;01:Simple
;;45;;110:Enseñanza Básica;173;110:Enseñanza Básica
;;46;;110.03:3º Básico;174;110.03:3º Básico
;;21;;A;175;A
;;22;;LENGUAJE Y COMUNICACION;176;LENGUAJE Y COMUNICACION
;;22;;LENGUAJE Y COMUNICACION;177;LENGUAJE Y COMUNICACION
;;22;;MATEMATICA;178;MATEMATICA
;;22;;MATEMATICA;179;MATEMATICA
;;22;;CIENCIAS NATURALES;180;CIENCIAS NATURALES
;;22;;CIENCIAS NATURALES;181;CIENCIAS NATURALES
;;22;;HISTORIA, GEOGRAFIA Y CIENCIAS SOCIALES;182;HISTORIA, GEOGRAFIA Y CIENCIAS SOCIALES
;;22;;HISTORIA, GEOGRAFIA Y CIENCIAS SOCIALES;183;HISTORIA, GEOGRAFIA Y CIENCIAS SOCIALES
;;22;;TECNOLOGIA;184;TECNOLOGIA
;;22;;TECNOLOGIA;185;TECNOLOGIA
;;22;;ARTES VISUALES;186;ARTES VISUALES
;;22;;ARTES VISUALES;187;ARTES VISUALES
;;22;;MUSICA;188;MUSICA
;;22;;EDUCACION FISICA Y SALUD;189;EDUCACION FISICA Y SALUD
;;22;;RELIGION;190;RELIGION
;;22;;Taller De Teatro;191;Taller De Teatro
;;22;;Taller de juegos y recreación;192;Taller de juegos y recreación
;;22;;Taller De Inglés;193;Taller De Inglés
;;22;;Taller De Inglés;194;Taller De Inglés
;;22;;Taller De Matemática;195;Taller De Matemática
;;22;;Orientación;196;Orientación
;;22;;Orientación;197;Orientación
;;22;;Taller De Lenguaje;198;Taller De Lenguaje
;;22;;Taller De Lenguaje;199;Taller De Lenguaje
;;46;;110.03:3º Básico;200;110.03:3º Básico
;;21;;B;201;B
;;46;;110.04:4º Básico;202;110.04:4º Básico
;;21;;A;203;A
;;22;;LENGUAJE Y COMUNICACION;204;LENGUAJE Y COMUNICACION
;;22;;MATEMATICA;205;MATEMATICA
;;22;;CIENCIAS NATURALES;206;CIENCIAS NATURALES
;;22;;HISTORIA, GEOGRAFIA Y CIENCIAS SOCIALES;207;HISTORIA, GEOGRAFIA Y CIENCIAS SOCIALES
;;22;;TECNOLOGIA;208;TECNOLOGIA
;;22;;ARTES VISUALES;209;ARTES VISUALES
;;22;;ARTES VISUALES;210;ARTES VISUALES
;;22;;MUSICA;211;MUSICA
;;22;;EDUCACION FISICA Y SALUD;212;EDUCACION FISICA Y SALUD
;;22;;Orientación;213;Orientación
;;22;;Taller De Lenguaje;214;Taller De Lenguaje
;;22;;Taller De Inglés;215;Taller De Inglés
;;22;;Taller De Inglés;216;Taller De Inglés
;;22;;Taller De Matemática;217;Taller De Matemática
;;22;;Taller De Teatro;218;Taller De Teatro
;;22;;Taller de juegos y recreación;219;Taller de juegos y recreación
;;22;;RELIGION;220;RELIGION
;;46;;110.04:4º Básico;221;110.04:4º Básico
;;21;;B;222;B
;;46;;110.05:5º Básico;223;110.05:5º Básico
;;21;;A;224;A
;;22;;LENGUAJE Y COMUNICACION;225;LENGUAJE Y COMUNICACION
;;22;;LENGUAJE Y COMUNICACION;226;LENGUAJE Y COMUNICACION
;;22;;IDIOMA EXTRANJERO (INGLES);227;IDIOMA EXTRANJERO (INGLES)
;;22;;IDIOMA EXTRANJERO (INGLES);228;IDIOMA EXTRANJERO (INGLES)
;;22;;MATEMATICA;229;MATEMATICA
;;22;;HISTORIA, GEOGRAFIA Y CIENCIAS SOCIALES;230;HISTORIA, GEOGRAFIA Y CIENCIAS SOCIALES
;;22;;CIENCIAS NATURALES;231;CIENCIAS NATURALES
;;22;;TECNOLOGIA;232;TECNOLOGIA
;;22;;ARTES VISUALES;233;ARTES VISUALES
;;22;;MUSICA;234;MUSICA
;;22;;EDUCACION FISICA Y SALUD;235;EDUCACION FISICA Y SALUD
;;22;;RELIGION;236;RELIGION
;;22;;Taller De Lenguaje;237;Taller De Lenguaje
;;22;;Taller De Lenguaje;238;Taller De Lenguaje
;;22;;Taller De Matemática;239;Taller De Matemática
;;22;;Taller De Teatro;240;Taller De Teatro
;;22;;Orientación;241;Orientación
;;46;;110.06:6º Básico;242;110.06:6º Básico
;;21;;A;243;A
;;22;;LENGUAJE Y COMUNICACION;244;LENGUAJE Y COMUNICACION
;;22;;LENGUAJE Y COMUNICACION;245;LENGUAJE Y COMUNICACION
;;22;;IDIOMA EXTRANJERO (INGLES);246;IDIOMA EXTRANJERO (INGLES)
;;22;;IDIOMA EXTRANJERO (INGLES);247;IDIOMA EXTRANJERO (INGLES)
;;22;;MATEMATICA;248;MATEMATICA
;;22;;HISTORIA, GEOGRAFIA Y CIENCIAS SOCIALES;249;HISTORIA, GEOGRAFIA Y CIENCIAS SOCIALES
;;22;;CIENCIAS NATURALES;250;CIENCIAS NATURALES
;;22;;TECNOLOGIA;251;TECNOLOGIA
;;22;;ARTES VISUALES;252;ARTES VISUALES
;;22;;MUSICA;253;MUSICA
;;22;;EDUCACION FISICA Y SALUD;254;EDUCACION FISICA Y SALUD
;;22;;RELIGION;255;RELIGION
;;22;;Taller De Lenguaje;256;Taller De Lenguaje
;;22;;Taller De Lenguaje;257;Taller De Lenguaje
;;22;;Taller De Matemática;258;Taller De Matemática
;;22;;Taller De Teatro;259;Taller De Teatro
;;22;;Orientación;260;Orientación
;;46;;110.06:6º Básico;261;110.06:6º Básico
;;21;;B;262;B
;;22;;LENGUAJE Y COMUNICACION;263;LENGUAJE Y COMUNICACION
;;22;;INGLES;264;INGLES
;;22;;MATEMATICA;265;MATEMATICA
;;22;;HISTORIA, GEOGRAFIA Y CIENCIAS SOCIALES;266;HISTORIA, GEOGRAFIA Y CIENCIAS SOCIALES
;;22;;CIENCIAS NATURALES;267;CIENCIAS NATURALES
;;22;;TECNOLOGIA;268;TECNOLOGIA
;;22;;ARTES VISUALES;269;ARTES VISUALES
;;22;;MUSICA;270;MUSICA
;;22;;EDUCACION FISICA Y SALUD;271;EDUCACION FISICA Y SALUD
;;22;;RELIGION;272;RELIGION
;;22;;TALLER DE LENGUAJE;273;TALLER DE LENGUAJE
;;22;;TALLER DE MATEMATICA;274;TALLER DE MATEMATICA
;;22;;TALLER DE TEATRO 1;275;TALLER DE TEATRO 1
;;46;;110.07:7º Básico;276;110.07:7º Básico
;;21;;A;277;A
;;22;;LENGUA Y LITERATURA;278;LENGUA Y LITERATURA
;;22;;LENGUA Y LITERATURA;279;LENGUA Y LITERATURA
;;22;;IDIOMA EXTRANJERO (INGLES);280;IDIOMA EXTRANJERO (INGLES)
;;22;;IDIOMA EXTRANJERO (INGLES);281;IDIOMA EXTRANJERO (INGLES)
;;22;;MATEMATICA;282;MATEMATICA
;;22;;HISTORIA, GEOGRAFIA Y CIENCIAS SOCIALES;283;HISTORIA, GEOGRAFIA Y CIENCIAS SOCIALES
;;22;;CIENCIAS NATURALES;284;CIENCIAS NATURALES
;;22;;TECNOLOGIA;285;TECNOLOGIA
;;22;;ARTES VISUALES;286;ARTES VISUALES
;;22;;MUSICA;287;MUSICA
;;22;;EDUCACION FISICA Y SALUD;288;EDUCACION FISICA Y SALUD
;;22;;RELIGION;289;RELIGION
;;22;;Taller de juegos y recreación;290;Taller de juegos y recreación
;;22;;Taller De Teatro;291;Taller De Teatro
;;22;;Orientación;292;Orientación
;;22;;Orientación;293;Orientación
;;46;;110.07:7º Básico;294;110.07:7º Básico
;;21;;B;295;B
;;22;;LENGUA Y LITERATURA;296;LENGUA Y LITERATURA
;;22;;IDIOMA EXTRANJERO (INGLES);297;IDIOMA EXTRANJERO (INGLES)
;;22;;MATEMATICA;298;MATEMATICA
;;22;;HISTORIA, GEOGRAFIA Y CIENCIAS SOCIALES;299;HISTORIA, GEOGRAFIA Y CIENCIAS SOCIALES
;;22;;CIENCIAS NATURALES;300;CIENCIAS NATURALES
;;22;;TECNOLOGIA;301;TECNOLOGIA
;;22;;ARTES VISUALES;302;ARTES VISUALES
;;22;;MUSICA;303;MUSICA
;;22;;EDUCACION FISICA Y SALUD;304;EDUCACION FISICA Y SALUD
;;22;;RELIGION;305;RELIGION
;;22;;TALLER DE ESTRATEGIAS DE JUEGO;306;TALLER DE ESTRATEGIAS DE JUEGO
;;22;;TALLER DE TEATRO;307;TALLER DE TEATRO
;;22;;Orientación;308;Orientación
;;46;;110.08:8º Básico;309;110.08:8º Básico
;;21;;A;310;A
;;22;;LENGUA Y LITERATURA;311;LENGUA Y LITERATURA
;;22;;LENGUA Y LITERATURA;312;LENGUA Y LITERATURA
;;22;;IDIOMA EXTRANJERO (INGLES);313;IDIOMA EXTRANJERO (INGLES)
;;22;;IDIOMA EXTRANJERO (INGLES);314;IDIOMA EXTRANJERO (INGLES)
;;22;;MATEMATICA;315;MATEMATICA
;;22;;MATEMATICA;316;MATEMATICA
;;22;;CIENCIAS NATURALES;317;CIENCIAS NATURALES
;;22;;CIENCIAS NATURALES;318;CIENCIAS NATURALES
;;22;;HISTORIA, GEOGRAFIA Y CIENCIAS SOCIALES;319;HISTORIA, GEOGRAFIA Y CIENCIAS SOCIALES
;;22;;TECNOLOGIA;320;TECNOLOGIA
;;22;;ARTES VISUALES;321;ARTES VISUALES
;;22;;MUSICA;322;MUSICA
;;22;;EDUCACION FISICA Y SALUD;323;EDUCACION FISICA Y SALUD
;;22;;RELIGION;324;RELIGION
;;22;;Taller De Teatro;325;Taller De Teatro
;;22;;Taller de juegos y recreación;326;Taller de juegos y recreación
;;22;;Orientación;327;Orientación
;;46;;110.08:8º Básico;328;110.08:8º Básico
;;21;;B;329;B
;;22;;LENGUA Y LITERATURA;330;LENGUA Y LITERATURA
;;22;;IDIOMA EXTRANJERO (INGLES);331;IDIOMA EXTRANJERO (INGLES)
;;22;;MATEMATICA;332;MATEMATICA
;;22;;CIENCIAS NATURALES;333;CIENCIAS NATURALES
;;22;;HISTORIA, GEOGRAFIA Y CIENCIAS SOCIALES;334;HISTORIA, GEOGRAFIA Y CIENCIAS SOCIALES
;;22;;TECNOLOGIA;335;TECNOLOGIA
;;22;;ARTES VISUALES;336;ARTES VISUALES
;;22;;MUSICA;337;MUSICA
;;22;;EDUCACION FISICA Y SALUD;338;EDUCACION FISICA Y SALUD
;;22;;RELIGION;339;RELIGION
;;22;;Taller De Teatro;340;Taller De Teatro
;;22;;TALLER DE ESTRATEGIAS DE JUEGO;341;TALLER DE ESTRATEGIAS DE JUEGO
;;22;;Orientación;342;Orientación
;;40;;05:Enseñanza Media Humanístico Científica Jóvenes;343;05:Enseñanza Media Humanístico Científica Jóvenes
;;41;;000:Ciclo General;344;000:Ciclo General
;;42;;000:Ciclo General;345;000:Ciclo General
;;43;;000:Ciclo General;346;000:Ciclo General
;;44;;01:Simple;347;01:Simple
;;45;;310:Enseñanza Media H-C niños y jóvenes;348;310:Enseñanza Media H-C niños y jóvenes
;;46;;310.01:1º medio;349;310.01:1º medio
;;21;;A;350;A
;;22;;LENGUA Y LITERATURA;351;LENGUA Y LITERATURA
;;22;;IDIOMA EXTRANJERO (INGLES);352;IDIOMA EXTRANJERO (INGLES)
;;22;;MATEMATICA;353;MATEMATICA
;;22;;HISTORIA, GEOGRAFIA Y CIENCIAS SOCIALES;354;HISTORIA, GEOGRAFIA Y CIENCIAS SOCIALES
;;22;;CIENCIAS NATURALES;355;CIENCIAS NATURALES
;;22;;TECNOLOGIA;356;TECNOLOGIA
;;22;;MUSICA;357;MUSICA
;;22;;EDUCACION FISICA Y SALUD;358;EDUCACION FISICA Y SALUD
;;22;;RELIGION;359;RELIGION
;;22;;Taller de Arquitectura;360;Taller de Arquitectura
;;22;;Taller De Gastronomía;361;Taller De Gastronomía
;;22;;Orientación;362;Orientación
;;21;;B;363;B
;;22;;LENGUA Y LITERATURA;364;LENGUA Y LITERATURA
;;22;;IDIOMA EXTRANJERO (INGLES);365;IDIOMA EXTRANJERO (INGLES)
;;22;;MATEMATICA;366;MATEMATICA
;;22;;HISTORIA, GEOGRAFIA Y CIENCIAS SOCIALES;367;HISTORIA, GEOGRAFIA Y CIENCIAS SOCIALES
;;22;;CIENCIAS NATURALES;368;CIENCIAS NATURALES
;;22;;TECNOLOGIA;369;TECNOLOGIA
;;22;;MUSICA;370;MUSICA
;;22;;EDUCACION FISICA Y SALUD;371;EDUCACION FISICA Y SALUD
;;22;;RELIGION;372;RELIGION
;;22;;Taller de Arquitectura;373;Taller de Arquitectura
;;22;;Taller De Gastronomía;374;Taller De Gastronomía
;;22;;Orientación;375;Orientación
;;46;;310.02:2º medio;376;310.02:2º medio
;;21;;A;377;A
;;22;;LENGUA Y LITERATURA;378;LENGUA Y LITERATURA
;;22;;IDIOMA EXTRANJERO (INGLES);379;IDIOMA EXTRANJERO (INGLES)
;;22;;MATEMATICA;380;MATEMATICA
;;22;;HISTORIA, GEOGRAFIA Y CIENCIAS SOCIALES;381;HISTORIA, GEOGRAFIA Y CIENCIAS SOCIALES
;;22;;CIENCIAS NATURALES;382;CIENCIAS NATURALES
;;22;;TECNOLOGIA;383;TECNOLOGIA
;;22;;MUSICA;384;MUSICA
;;22;;EDUCACION FISICA Y SALUD;385;EDUCACION FISICA Y SALUD
;;22;;RELIGION;386;RELIGION
;;22;;Taller de Arquitectura;387;Taller de Arquitectura
;;22;;Taller De Gastronomía;388;Taller De Gastronomía
;;22;;Orientación;389;Orientación
;;21;;B;390;B
;;22;;LENGUA Y LITERATURA;391;LENGUA Y LITERATURA
;;22;;IDIOMA EXTRANJERO (INGLES);392;IDIOMA EXTRANJERO (INGLES)
;;22;;MATEMATICA;393;MATEMATICA
;;22;;HISTORIA, GEOGRAFIA Y CIENCIAS SOCIALES;394;HISTORIA, GEOGRAFIA Y CIENCIAS SOCIALES
;;22;;CIENCIAS NATURALES;395;CIENCIAS NATURALES
;;22;;TECNOLOGIA;396;TECNOLOGIA
;;22;;MUSICA;397;MUSICA
;;22;;EDUCACION FISICA Y SALUD;398;EDUCACION FISICA Y SALUD
;;22;;RELIGION;399;RELIGION
;;22;;Taller de Arquitectura;400;Taller de Arquitectura
;;22;;Orientación;401;Orientación
;;22;;Taller De Gastronomía;402;Taller De Gastronomía
;;40;;05:Enseñanza Media Humanístico Científica Jóvenes;403;05:Enseñanza Media Humanístico Científica Jóvenes
;;41;;000:Ciclo General;404;000:Ciclo General
;;42;;000:Ciclo General;405;000:Ciclo General
;;43;;000:Ciclo General;406;000:Ciclo General
;;44;;01:Simple;407;01:Simple
;;45;;310:Enseñanza Media H-C niños y jóvenes;408;310:Enseñanza Media H-C niños y jóvenes
;;46;;310.03:3º medio;409;310.03:3º medio
;;21;;A;410;A
;;22;;LENGUA CASTELLANA Y COMUNICACION;411;LENGUA CASTELLANA Y COMUNICACION
;;22;;INGLES;412;INGLES
;;22;;MATEMATICA;413;MATEMATICA
;;22;;HISTORIA Y CIENCIAS SOCIALES;414;HISTORIA Y CIENCIAS SOCIALES
;;22;;FILOSOFIA Y PSICOLOGIA;415;FILOSOFIA Y PSICOLOGIA
;;22;;BIOLOGIA;416;BIOLOGIA
;;22;;QUIMICA;417;QUIMICA
;;22;;FISICA;418;FISICA
;;22;;ARTES VISUALES;419;ARTES VISUALES
;;22;;ARTES MUSICALES;420;ARTES MUSICALES
;;22;;EDUCACIÓN FÍSICA;421;EDUCACIÓN FÍSICA
;;22;;REALIDAD NACIONAL;422;REALIDAD NACIONAL
;;22;;EVOLUCION ECOLOGIA Y AMBIENTE;423;EVOLUCION ECOLOGIA Y AMBIENTE
;;22;;ALGEBRA Y MODELOS ANALITICOS;424;ALGEBRA Y MODELOS ANALITICOS
;;22;;LENGUAJE Y SOCIEDAD;425;LENGUAJE Y SOCIEDAD
;;22;;PREPARACIÓN Y MONTAJE;426;PREPARACIÓN Y MONTAJE
;;22;;Filosofía;427;Filosofía
;;21;;B;428;B
;;22;;LENGUA CASTELLANA Y COMUNICACION;429;LENGUA CASTELLANA Y COMUNICACION
;;22;;INGLES;430;INGLES
;;22;;MATEMATICA;431;MATEMATICA
;;22;;HISTORIA, GEOGRAFIA Y CIENCIAS SOCIALES;432;HISTORIA, GEOGRAFIA Y CIENCIAS SOCIALES
;;22;;FILOSOFIA Y PSICOLOGIA;433;FILOSOFIA Y PSICOLOGIA
;;22;;BIOLOGIA;434;BIOLOGIA
;;22;;QUIMICA;435;QUIMICA
;;22;;FISICA;436;FISICA
;;22;;ARTES VISUALES;437;ARTES VISUALES
;;22;;ARTES PLASTICAS;438;ARTES PLASTICAS
;;22;;EDUCACIÓN FÍSICA;439;EDUCACIÓN FÍSICA
;;22;;REALIDAD NACIONAL;440;REALIDAD NACIONAL
;;22;;EVOLUCION ECOLOGIA Y AMBIENTE;441;EVOLUCION ECOLOGIA Y AMBIENTE
;;22;;ALGEBRA Y MODELOS ANALITICOS;442;ALGEBRA Y MODELOS ANALITICOS
;;22;;LENGUAJE Y SOCIEDAD;443;LENGUAJE Y SOCIEDAD
;;22;;RELIGION;444;RELIGION
;;46;;310.04:4º medio;445;310.04:4º medio
;;21;;A;446;A
;;22;;LENGUA CASTELLANA Y COMUNICACION;447;LENGUA CASTELLANA Y COMUNICACION
;;22;;INGLES;448;INGLES
;;22;;MATEMATICA;449;MATEMATICA
;;22;;HISTORIA, GEOGRAFIA Y CIENCIAS SOCIALES;450;HISTORIA, GEOGRAFIA Y CIENCIAS SOCIALES
;;22;;FILOSOFIA Y PSICOLOGIA;451;FILOSOFIA Y PSICOLOGIA
;;22;;BIOLOGIA;452;BIOLOGIA
;;22;;QUIMICA;453;QUIMICA
;;22;;FISICA;454;FISICA
;;22;;ARTES VISUALES;455;ARTES VISUALES
;;22;;ARTES MUSICALES;456;ARTES MUSICALES
;;22;;EDUCACIÓN FÍSICA;457;EDUCACIÓN FÍSICA
;;22;;LA CIUDAD CONTEMPORANEA;458;LA CIUDAD CONTEMPORANEA
;;22;;FUNCIONES Y PROCESOS INFINITOS;459;FUNCIONES Y PROCESOS INFINITOS
;;22;;CELULA GENOMA Y ORGANISMO;460;CELULA GENOMA Y ORGANISMO
;;22;;LITERATURA E IDENTIDAD;461;LITERATURA E IDENTIDAD
;;22;;RELIGION;462;RELIGION
;;22;;Filosofía;463;Filosofía
;;21;;B;464;B
;;22;;LENGUA CASTELLANA Y COMUNICACION;465;LENGUA CASTELLANA Y COMUNICACION
;;22;;INGLES;466;INGLES
;;22;;MATEMATICA;467;MATEMATICA
;;22;;HISTORIA, GEOGRAFIA Y CIENCIAS SOCIALES;468;HISTORIA, GEOGRAFIA Y CIENCIAS SOCIALES
;;22;;FILOSOFIA Y PSICOLOGIA;469;FILOSOFIA Y PSICOLOGIA
;;22;;BIOLOGIA;470;BIOLOGIA
;;22;;QUIMICA;471;QUIMICA
;;22;;FISICA;472;FISICA
;;22;;ARTES VISUALES;473;ARTES VISUALES
;;22;;ARTES MUSICALES;474;ARTES MUSICALES
;;22;;EDUCACIÓN FÍSICA;475;EDUCACIÓN FÍSICA
;;22;;LITERATURA E IDENTIDAD;476;LITERATURA E IDENTIDAD
;;22;;FUNCIONES Y PROCESOS INFINITOS;477;FUNCIONES Y PROCESOS INFINITOS
;;22;;CELULA GENOMA Y ORGANISMO;478;CELULA GENOMA Y ORGANISMO
;;22;;LA CIUDAD CONTEMPORANEA;479;LA CIUDAD CONTEMPORANEA
;;22;;RELIGION;480;RELIGION
;;40;;07:Enseñanza Media Técnico Profesional y Artística (Jóvenes);481;07:Enseñanza Media Técnico Profesional y Artística (Jóvenes)
;;41;;500:Industrial;482;500:Industrial
;;42;;000:Sin Información;483;000:Sin Información
;;43;;000:Ciclo General;484;000:Ciclo General
;;44;;01:Simple;485;01:Simple
;;45;;510:Enseñanza Media T-P Industrial Niños y Jóvenes;486;510:Enseñanza Media T-P Industrial Niños y Jóvenes
;;46;;510.03:3º medio;487;510.03:3º medio
;;21;;A;488;A
;;40;;07:Enseñanza Media Técnico Profesional y Artística (Jóvenes);489;07:Enseñanza Media Técnico Profesional y Artística (Jóvenes)
;;41;;500:Industrial;490;500:Industrial
;;42;;000:Sin Información;491;000:Sin Información
;;43;;000:Ciclo General;492;000:Ciclo General
;;44;;01:Simple;493;01:Simple
;;45;;510:Enseñanza Media T-P Industrial Niños y Jóvenes;494;510:Enseñanza Media T-P Industrial Niños y Jóvenes
;;46;;510.03:3º medio;495;510.03:3º medio
;;21;;B;496;B
;;22;;LENGUAJE Y COMUNICACION;497;LENGUAJE Y COMUNICACION
;;22;;IDIOMA EXTRANJERO 1 INGLES;498;IDIOMA EXTRANJERO 1 INGLES
;;22;;IDIOMA EXTRANJERO 1 INGLES;499;IDIOMA EXTRANJERO 1 INGLES
;;22;;MATEMATICA;500;MATEMATICA
;;22;;Educación Ciudadana ;501;Educación Ciudadana 
;;22;;Filosofía;502;Filosofía
;;22;;Ciencias para la Ciudadanía;503;Ciencias para la Ciudadanía
;;22;;Lectura De Planos Y Documentos Técnicos;504;Lectura De Planos Y Documentos Técnicos
;;22;;Lectura De Planos Y Documentos Técnicos;505;Lectura De Planos Y Documentos Técnicos
;;22;;Dibujo Manual De Levantamientos;506;Dibujo Manual De Levantamientos
;;22;;Dibujo Digital De Proyectos De Arquitectura;507;Dibujo Digital De Proyectos De Arquitectura
;;22;;Dibujo Digital De Piezas Y Conjuntos Mecánicos;508;Dibujo Digital De Piezas Y Conjuntos Mecánicos
;;22;;Maquetas Virtuales;509;Maquetas Virtuales
;;22;;ENTRENAMIENTO DE LA CONDICIÓN FÍSICA;510;ENTRENAMIENTO DE LA CONDICIÓN FÍSICA
;;22;;Orientación;511;Orientación
;;46;;510.04:4º medio;512;510.04:4º medio
;;21;;A;513;A
;;46;;510.04:4º medio;514;510.04:4º medio
;;21;;B;515;B
;;22;;LENGUAJE Y COMUNICACION;516;LENGUAJE Y COMUNICACION
;;22;;IDIOMA EXTRANJERO 1 INGLES;517;IDIOMA EXTRANJERO 1 INGLES
;;22;;MATEMATICA;518;MATEMATICA
;;22;;Educación Ciudadana ;519;Educación Ciudadana 
;;22;;Filosofía;520;Filosofía
;;22;;Ciencias para la Ciudadanía;521;Ciencias para la Ciudadanía
;;22;;Dibujo Digital De Montaje Industrial;522;Dibujo Digital De Montaje Industrial
;;22;;Cubicación De Proyectos;523;Cubicación De Proyectos
;;22;;Impresión Y Reproducción De Planos;524;Impresión Y Reproducción De Planos
;;22;;Emprendimiento Y Empleabilidad;525;Emprendimiento Y Empleabilidad
;;22;;Seguridad Y Prevención De Riesgos;526;Seguridad Y Prevención De Riesgos
;;22;;Dibujo Digital De Instalaciones Domiciliarias;527;Dibujo Digital De Instalaciones Domiciliarias
;;22;;Dibujo Digital De Sistemas Constructivos;528;Dibujo Digital De Sistemas Constructivos
;;22;;Orientación;529;Orientación
;;21;;Z;530;Z
;;41;;600:Técnica;531;600:Técnica
;;42;;000:Sin Información;532;000:Sin Información
;;43;;000:Ciclo General;533;000:Ciclo General
;;44;;01:Simple;534;01:Simple
;;45;;610:Enseñanza Media T-P Técnica Niños y Jóvenes;535;610:Enseñanza Media T-P Técnica Niños y Jóvenes
;;46;;610.03:3º medio;536;610.03:3º medio
;;21;;A;537;A
;;22;;LENGUAJE Y COMUNICACION;538;LENGUAJE Y COMUNICACION
;;22;;IDIOMA EXTRANJERO 1 INGLES;539;IDIOMA EXTRANJERO 1 INGLES
;;22;;MATEMATICA;540;MATEMATICA
;;22;;Educación Ciudadana ;541;Educación Ciudadana 
;;22;;Filosofía;542;Filosofía
;;22;;Ciencias para la Ciudadanía;543;Ciencias para la Ciudadanía
;;22;;Recepción Y Almacenamiento De Insumos;544;Recepción Y Almacenamiento De Insumos
;;22;;Higiene Para La Elaboración De Alimentos;545;Higiene Para La Elaboración De Alimentos
;;22;;Elaboración De Alimentos De Baja Complejidad;546;Elaboración De Alimentos De Baja Complejidad
;;22;;Servicio De Comedores, Bares Y Salones;547;Servicio De Comedores, Bares Y Salones
;;22;;ENTRENAMIENTO DE LA CONDICIÓN FÍSICA;548;ENTRENAMIENTO DE LA CONDICIÓN FÍSICA
;;22;;Preparación, Diseño Y Montaje De Buffet;549;Preparación, Diseño Y Montaje De Buffet
;;22;;Planificación De La Producción Gastronómica;550;Planificación De La Producción Gastronómica
;;22;;Orientación;551;Orientación
;;41;;600:Técnica;552;600:Técnica
;;42;;000:Sin Información;553;000:Sin Información
;;43;;000:Ciclo General;554;000:Ciclo General
;;44;;01:Simple;555;01:Simple
;;45;;610:Enseñanza Media T-P Técnica Niños y Jóvenes;556;610:Enseñanza Media T-P Técnica Niños y Jóvenes
;;46;;610.03:3º medio;557;610.03:3º medio
;;21;;B;558;B
;;46;;610.04:4º medio;559;610.04:4º medio
;;21;;A;560;A
;;22;;LENGUAJE Y COMUNICACION;561;LENGUAJE Y COMUNICACION
;;22;;IDIOMA EXTRANJERO 1 INGLES;562;IDIOMA EXTRANJERO 1 INGLES
;;22;;MATEMATICA;563;MATEMATICA
;;22;;Educación Ciudadana ;564;Educación Ciudadana 
;;22;;Ciencias para la Ciudadanía;565;Ciencias para la Ciudadanía
;;22;;Filosofía;566;Filosofía
;;22;;Elaboración De Bebidas Alcohólicas Y Analcohólicas;567;Elaboración De Bebidas Alcohólicas Y Analcohólicas
;;22;;Elaboración De Menús Y Carta;568;Elaboración De Menús Y Carta
;;22;;Emprendimiento Y Empleabilidad;569;Emprendimiento Y Empleabilidad
;;22;;Cocina Chilena;570;Cocina Chilena
;;22;;Innovación Y Cocina Internacional;571;Innovación Y Cocina Internacional
;;22;;Orientación;572;Orientación
;;46;;610.04:4º medio;573;610.04:4º medio
;;21;;B;574;B
;;21;;Z;575;Z
