RecordEndDateTime;RecordStartDateTime;RefCalendarEventType;EventDate;rexNumber;rexDate;fileScanBase64;indicadorSinClases;Name;OrganizationCalendarEventId;OrganizationCalendarId
;;;2024-03-01;;;;;Feriado: vacaciones;1;10066698
;;;2024-03-02;;;;;Feriado: vacaciones;2;10066698
;;;2024-03-04;;;;;Feriado: vacaciones;3;10066698
;;;2024-03-03;;;;;Feriado: domingo;4;10066698
;;;2024-03-09;;;;;Feriado: sabado;5;10066698
;;;2024-03-10;;;;;Feriado: domingo;6;10066698
;;;2024-03-16;;;;;Feriado: sábado;7;10066698
;;;2024-03-17;;;;;Feriado: domingo;8;10066698
;;;2024-03-23;;;;;Feriado: sábado;9;10066698
;;;2024-03-24;;;;;Feriado: domingo;10;10066698
;;;2024-03-29;;;;;Feriado: Viernes Santo;11;10066698
;;;2024-03-30;;;;;Feriado: sabado ;12;10066698
;;;2024-03-31;;;;;Feriado: domingo;13;10066698
;;;2024-04-06;;;;;Feriado: sabado;14;10066698
;;;2024-04-07;;;;;Feriado: domingo;15;10066698
;;;2024-04-13;;;;;Feriado: sabado;16;10066698
;;;2024-04-14;;;;;Feriado: domingo;17;10066698
;;;2024-04-20;;;;;Feriado: sabado;18;10066698
;;;2024-04-21;;;;;Feriado: domingo;19;10066698
;;;2024-04-27;;;;;Feriado: sabado;20;10066698
;;;2024-04-28;;;;;Feriado: domingo;21;10066698
;;;2024-05-20;;;;;Feriado: interferiado;22;10066698
;;;2024-05-21;;;;;Feriado: Glorias navales;23;10066698
;;;2024-05-01;;;;;Feriado: FERIADO;24;10066698
;;;2024-05-04;;;;;Feriado: SABADO;25;10066698
;;;2024-05-05;;;;;Feriado: DOMINGO;26;10066698
;;;2024-05-11;;;;;Feriado: SABADO;27;10066698
;;;2024-05-12;;;;;Feriado: DOMINGO;28;10066698
;;;2024-05-18;;;;;Feriado: SABADO;29;10066698
;;;2024-05-19;;;;;Feriado: DOMINGO;30;10066698
;;;2024-05-25;;;;;Feriado: SÁBADO;31;10066698
;;;2024-05-26;;;;;Feriado: DOMINGO;32;10066698
;;;2024-06-19;;;;;Feriado: VACACIONES;33;10066698
;;;2024-06-20;;;;;Feriado: FERADO;34;10066698
;;;2024-06-21;;;;;Feriado: VACACIONES DE INVIER NO;35;10066698
;;;2024-06-01;;;;;Feriado: SABADO;36;10066698
;;;2024-06-02;;;;;Feriado: FIN DE SEMANA;37;10066698
;;;2024-06-08;;;;;Feriado: FIN DE SEMANA;38;10066698
;;;2024-06-09;;;;;Feriado: FIN DE SEMANA;39;10066698
;;;2024-06-15;;;;;Feriado: FIN DE SEMANA;40;10066698
;;;2024-06-16;;;;;Feriado: FIN DE SEMANA;41;10066698
;;;2024-06-22;;;;;Feriado: FIN DE SEMANA;42;10066698
;;;2024-06-23;;;;;Feriado: FIN DE SEMANA;43;10066698
;;;2024-06-29;;;;;Feriado: FIN DE SEMANA;44;10066698
;;;2024-06-30;;;;;Feriado: FIN DE SEMANA;45;10066698
;;;2024-06-24;;;;;Feriado: VACACIONES DE INVIERNO;46;10066698
;;;2024-06-25;;;;;Feriado: VACACIONES DE INVIERNO;47;10066698
;;;2024-06-26;;;;;Feriado: VACACIONES DE INVIERNO;48;10066698
;;;2024-06-27;;;;;Feriado: VACACIONES DE INVIERNO;49;10066698
;;;2024-06-28;;;;;Feriado: VACACIONES DE INVIERNO;50;10066698
;;;2024-06-13;;;;;Feriado: SUSPENSIÓN;51;10066698
;;;2024-06-14;;;;;Feriado: SUSPENSIÓN;52;10066698
;;;2024-07-01;;;;;Feriado: vacaciones Invierno;53;10066698
;;;2024-07-02;;;;;Feriado: VACACIONES INVIERNO;54;10066698
;;;2024-07-03;;;;;Feriado: VACACIONES DE INVIERNO;55;10066698
;;;2024-07-04;;;;;Feriado: VACACIONES DE INVIERNO;56;10066698
;;;2024-07-05;;;;;Feriado: VACACIONES DE INVIERNO;57;10066698
;;;2024-07-06;;;;;Feriado: SABADO;58;10066698
;;;2024-07-07;;;;;Feriado: DOMINGO;59;10066698
;;;2024-07-15;;;;;Feriado: INTERFERIADO;60;10066698
;;;2024-07-16;;;;;Feriado: FERIADO RELLIGIOSO;61;10066698
;;;2024-07-20;;;;;Feriado: SABADO;62;10066698
;;;2024-07-21;;;;;Feriado: DOMINGO;63;10066698
;;;2024-07-27;;;;;Feriado: SABADO;64;10066698
;;;2024-07-28;;;;;Feriado: DOMINGO;65;10066698
;;;2024-07-13;;;;;Feriado: SABADO;66;10066698
;;;2024-07-14;;;;;Feriado: DOMINGO;67;10066698
;;;2024-08-02;;;;;Feriado: SUSPENSIÓN CLASES;68;10066698
;;;2024-08-03;;;;;Feriado: SABADO;69;10066698
;;;2024-08-04;;;;;Feriado: DOMINGO;70;10066698
;;;2024-08-10;;;;;Feriado: SABADO;71;10066698
;;;2024-08-11;;;;;Feriado: DOMINGO;72;10066698
;;;2024-08-15;;;;;Feriado: FERIADO;73;10066698
;;;2024-08-16;;;;;Feriado: INTERFERIADO;74;10066698
;;;2024-08-17;;;;;Feriado: SABADO;75;10066698
;;;2024-08-18;;;;;Feriado: DOMINGO;76;10066698
;;;2024-08-24;;;;;Feriado: SABADO;77;10066698
;;;2024-08-25;;;;;Feriado: DOMINGO;78;10066698
;;;2024-08-31;;;;;Feriado: SABADO;79;10066698
;;;2024-01-06;;;;;Feriado: Sábado;80;10066698
;;;2024-01-13;;;;;Feriado: Sábado;81;10066698
;;;2024-01-20;;;;;Feriado: Sábado;82;10066698
;;;2024-01-27;;;;;Feriado: Sábado;83;10066698
;;;2024-02-03;;;;;Feriado: Sábado;84;10066698
;;;2024-02-10;;;;;Feriado: Sábado;85;10066698
;;;2024-02-17;;;;;Feriado: Sábado;86;10066698
;;;2024-02-24;;;;;Feriado: Sábado;87;10066698
;;;2024-09-07;;;;;Feriado: Sábado;88;10066698
;;;2024-09-14;;;;;Feriado: Sábado;89;10066698
;;;2024-09-21;;;;;Feriado: Sábado;90;10066698
;;;2024-09-28;;;;;Feriado: Sábado;91;10066698
;;;2024-10-05;;;;;Feriado: Sábado;92;10066698
;;;2024-10-12;;;;;Feriado: Sábado;93;10066698
;;;2024-10-19;;;;;Feriado: Sábado;94;10066698
;;;2024-10-26;;;;;Feriado: Sábado;95;10066698
;;;2024-11-02;;;;;Feriado: Sábado;96;10066698
;;;2024-11-09;;;;;Feriado: Sábado;97;10066698
;;;2024-11-16;;;;;Feriado: Sábado;98;10066698
;;;2024-11-23;;;;;Feriado: Sábado;99;10066698
;;;2024-11-30;;;;;Feriado: Sábado;100;10066698
;;;2024-12-07;;;;;Feriado: Sábado;101;10066698
;;;2024-12-14;;;;;Feriado: Sábado;102;10066698
;;;2024-12-21;;;;;Feriado: Sábado;103;10066698
;;;2024-12-28;;;;;Feriado: Sábado;104;10066698
;;;2024-01-07;;;;;Feriado: Domingo;105;10066698
;;;2024-01-14;;;;;Feriado: Domingo;106;10066698
;;;2024-01-21;;;;;Feriado: Domingo;107;10066698
;;;2024-01-28;;;;;Feriado: Domingo;108;10066698
;;;2024-02-04;;;;;Feriado: Domingo;109;10066698
;;;2024-02-11;;;;;Feriado: Domingo;110;10066698
;;;2024-02-18;;;;;Feriado: Domingo;111;10066698
;;;2024-02-25;;;;;Feriado: Domingo;112;10066698
;;;2024-09-01;;;;;Feriado: Domingo;113;10066698
;;;2024-09-15;;;;;Feriado: Domingo;114;10066698
;;;2024-09-22;;;;;Feriado: Domingo;115;10066698
;;;2024-09-29;;;;;Feriado: Domingo;116;10066698
;;;2024-10-06;;;;;Feriado: Domingo;117;10066698
;;;2024-10-13;;;;;Feriado: Domingo;118;10066698
;;;2024-10-20;;;;;Feriado: Domingo;119;10066698
;;;2024-10-27;;;;;Feriado: Domingo;120;10066698
;;;2024-11-03;;;;;Feriado: Domingo;121;10066698
;;;2024-11-10;;;;;Feriado: Domingo;122;10066698
;;;2024-11-17;;;;;Feriado: Domingo;123;10066698
;;;2024-11-24;;;;;Feriado: Domingo;124;10066698
;;;2024-12-01;;;;;Feriado: Domingo;125;10066698
;;;2024-12-08;;;;;Feriado: Domingo;126;10066698
;;;2024-12-15;;;;;Feriado: Domingo;127;10066698
;;;2024-12-22;;;;;Feriado: Domingo;128;10066698
;;;2024-12-29;;;;;Feriado: Domingo;129;10066698
;;;2024-09-08;;;;;Feriado: DOMINGO;130;10066698
;;;2024-09-16;;;;;Feriado: feriado fiestas patrias;131;10066698
;;;2024-09-17;;;;;Feriado: feriado fiestas patrias;132;10066698
;;;2024-09-18;;;;;Feriado: fietas patrias;133;10066698
;;;2024-09-19;;;;;Feriado: feriado fiestas patrias;134;10066698
;;;2024-09-20;;;;;Feriado: feriado fiestas patrias;135;10066698
;;;2024-10-31;;;;;Feriado: FERIADO;136;10066698
;;;2024-11-01;;;;;Feriado: FERIADO;137;10066698
;;;2024-03-12;;;;;Actividad_Nota_1;138;10066699
;;;2024-03-13;;;;;Actividad_Nota_1;139;10066699
;;;2024-03-11;;;;;Actividad_Nota_1;140;10066699
;;;2024-03-15;;;;;Actividad_Nota_1;141;10066699
;;;2024-03-25;;;;;Actividad_Nota_1;142;10066699
;;;2024-03-27;;;;;Actividad_Nota_1;143;10066699
;;;2024-03-26;;;;;Actividad_Nota_1;144;10066699
;;;2024-04-11;;;;;Actividad_Nota_2;145;10066699
;;;2024-04-16;;;;;Actividad_Nota_2;146;10066699
;;;2024-04-15;;;;;Actividad_Nota_1;147;10066699
;;;2024-04-05;;;;;Actividad_Nota_1;148;10066699
;;;2024-03-27;;;;;Actividad_Nota_1;149;10066699
;;;2024-03-28;;;;;Actividad_Nota_1;150;10066699
;;;2024-04-01;;;;;Actividad_Nota_1;151;10066699
;;;2024-03-26;;;;;Actividad_Nota_1;152;10066699
;;;2024-03-26;;;;;Actividad_Nota_1;153;10066699
;;;2024-04-09;;;;;Actividad_Nota_1;154;10066699
;;;2024-04-03;;;;;Actividad_Nota_1;155;10066699
;;;2024-04-03;;;;;Actividad_Nota_1;156;10066699
;;;2024-04-03;;;;;Actividad_Nota_1;157;10066699
;;;2024-04-04;;;;;Actividad_Nota_1;158;10066699
;;;2024-04-12;;;;;Actividad_Nota_1;159;10066699
;;;2024-04-03;;;;;Actividad_Nota_1;160;10066699
;;;2024-04-05;;;;;Actividad_Nota_1;161;10066699
;;;2024-04-08;;;;;Actividad_Nota_1;162;10066699
;;;2024-04-09;;;;;Actividad_Nota_1;163;10066699
;;;2024-04-10;;;;;Actividad_Nota_1;164;10066699
;;;2024-04-03;;;;;Actividad_Nota_1;165;10066699
;;;2024-03-21;;;;;Actividad_Nota_1;166;10066699
;;;2024-04-08;;;;;Actividad_Nota_1;167;10066699
;;;2024-05-06;;;;;Actividad_Nota_2;168;10066699
;;;2024-04-08;;;;;Actividad_Nota_1;169;10066699
;;;2024-05-06;;;;;Actividad_Nota_2;170;10066699
;;;2024-04-10;;;;;Actividad_Nota_1;171;10066699
;;;2024-05-01;;;;;Actividad_Nota_2;172;10066699
;;;2024-04-03;;;;;Actividad_Nota_1;173;10066699
;;;2024-05-01;;;;;Actividad_Nota_2;174;10066699
;;;2024-04-01;;;;;Actividad_Nota_1;175;10066699
;;;2024-04-29;;;;;Actividad_Nota_2;176;10066699
;;;2024-04-03;;;;;Actividad_Nota_1;177;10066699
;;;2024-05-01;;;;;Actividad_Nota_2;178;10066699
;;;2024-04-05;;;;;Actividad_Nota_1;179;10066699
;;;2024-05-03;;;;;Actividad_Nota_2;180;10066699
;;;2024-04-01;;;;;Actividad_Nota_1;181;10066699
;;;2024-05-06;;;;;Actividad_Nota_2;182;10066699
;;;2024-04-03;;;;;Actividad_Nota_1;183;10066699
;;;2024-05-01;;;;;Actividad_Nota_2;184;10066699
;;;2024-04-05;;;;;Actividad_Nota_1;185;10066699
;;;2024-05-03;;;;;Actividad_Nota_2;186;10066699
;;;2024-04-05;;;;;Actividad_Nota_1;187;10066699
;;;2024-05-03;;;;;Actividad_Nota_2;188;10066699
;;;2024-04-12;;;;;Actividad_Nota_1;189;10066699
;;;2024-04-10;;;;;Actividad_Nota_1;190;10066699
;;;2024-04-11;;;;;Actividad_Nota_1;191;10066699
;;;2024-04-15;;;;;Actividad_Nota_1;192;10066699
;;;2024-04-10;;;;;Actividad_Nota_1;193;10066699
;;;2024-04-03;;;;;Actividad_Nota_1;194;10066699
;;;2024-04-11;;;;;Actividad_Nota_1;195;10066699
;;;2024-04-08;;;;;Actividad_Nota_1;196;10066699
;;;2024-04-04;;;;;Actividad_Nota_1;197;10066699
;;;2024-04-03;;;;;Actividad_Nota_1;198;10066699
;;;2024-04-12;;;;;Actividad_Nota_1;199;10066699
;;;2024-04-09;;;;;Actividad_Nota_1;200;10066699
;;;2024-04-05;;;;;Actividad_Nota_1;201;10066699
;;;2024-04-11;;;;;Actividad_Nota_1;202;10066699
;;;2024-04-11;;;;;Actividad_Nota_1;203;10066699
;;;2024-04-11;;;;;Actividad_Nota_1;204;10066699
;;;2024-04-12;;;;;Actividad_Nota_1;205;10066699
;;;2024-04-10;;;;;Actividad_Nota_1;206;10066699
;;;2024-04-09;;;;;Actividad_Nota_1;207;10066699
;;;2024-04-10;;;;;Actividad_Nota_1;208;10066699
;;;2024-04-09;;;;;Actividad_Nota_1;209;10066699
;;;2024-04-11;;;;;Actividad_Nota_1;210;10066699
;;;2024-04-11;;;;;Actividad_Nota_1;211;10066699
;;;2024-04-12;;;;;Actividad_Nota_1;212;10066699
;;;2024-04-17;;;;;Actividad_Nota_1;213;10066699
;;;2024-04-17;;;;;Actividad_Nota_2;214;10066699
;;;2024-04-17;;;;;Actividad_Nota_2;215;10066699
;;;2024-04-15;;;;;Actividad_Nota_1;216;10066699
;;;2024-04-19;;;;;Actividad_Nota_1;217;10066699
;;;2024-04-17;;;;;Actividad_Nota_2;218;10066699
;;;2024-04-01;;;;;Actividad_Nota_1;219;10066699
;;;2024-03-25;;;;;Actividad_Nota_1;220;10066699
;;;2024-04-24;;;;;Actividad_Nota_2;221;10066699
;;;2024-03-29;;;;;Actividad_Nota_1;222;10066699
;;;2024-05-03;;;;;Actividad_Nota_2;223;10066699
;;;2024-03-29;;;;;Actividad_Nota_1;224;10066699
;;;2024-04-26;;;;;Actividad_Nota_2;225;10066699
;;;2024-03-21;;;;;Actividad_Nota_1;226;10066699
;;;2024-03-19;;;;;Actividad_Nota_1;227;10066699
;;;2024-03-19;;;;;Actividad_Nota_1;228;10066699
;;;2024-03-29;;;;;Actividad_Nota_1;229;10066699
;;;2024-04-08;;;;;Actividad_Nota_1;230;10066699
;;;2024-04-01;;;;;Actividad_Nota_1;231;10066699
;;;2024-04-02;;;;;Actividad_Nota_1;232;10066699
;;;2024-04-02;;;;;Actividad_Nota_1;233;10066699
;;;2024-04-04;;;;;Actividad_Nota_1;234;10066699
;;;2024-04-04;;;;;Actividad_Nota_1;235;10066699
;;;2024-04-04;;;;;Actividad_Nota_1;236;10066699
;;;2024-04-04;;;;;Actividad_Nota_1;237;10066699
;;;2024-04-01;;;;;Actividad_Nota_1;238;10066699
;;;2024-04-02;;;;;Actividad_Nota_1;239;10066699
;;;2024-04-02;;;;;Actividad_Nota_1;240;10066699
;;;2024-05-09;;;;;Actividad_Nota_3;241;10066699
;;;2024-04-01;;;;;Actividad_Nota_1;242;10066699
;;;2024-04-01;;;;;Actividad_Nota_1;243;10066699
;;;2024-04-01;;;;;Actividad_Nota_1;244;10066699
;;;2024-04-14;;;;;Actividad_Nota_2;245;10066699
;;;2024-04-05;;;;;Actividad_Nota_1;246;10066699
;;;2024-04-05;;;;;Actividad_Nota_1;247;10066699
;;;2024-04-11;;;;;Actividad_Nota_1;248;10066699
;;;2024-04-11;;;;;Actividad_Nota_1;249;10066699
;;;2024-04-18;;;;;Actividad_Nota_1;250;10066699
;;;2024-04-18;;;;;Actividad_Nota_2;251;10066699
;;;2024-04-18;;;;;Actividad_Nota_1;252;10066699
;;;2024-04-18;;;;;Actividad_Nota_2;253;10066699
;;;2024-04-18;;;;;Actividad_Nota_1;254;10066699
;;;2024-04-16;;;;;Actividad_Nota_1;255;10066699
;;;2024-04-18;;;;;Actividad_Nota_1;256;10066699
;;;2024-04-17;;;;;Actividad_Nota_1;257;10066699
;;;2024-04-25;;;;;Actividad_Nota_1;258;10066699
;;;2024-04-25;;;;;Actividad_Nota_1;259;10066699
;;;2024-04-12;;;;;Actividad_Nota_1;260;10066699
;;;2024-04-15;;;;;Actividad_Nota_1;261;10066699
;;;2024-04-24;;;;;Actividad_Nota_3;262;10066699
;;;2024-05-03;;;;;Actividad_Nota_2;263;10066699
;;;2024-05-31;;;;;Actividad_Nota_3;264;10066699
;;;2024-05-13;;;;;Actividad_Nota_3;265;10066699
;;;2024-05-06;;;;;Actividad_Nota_2;266;10066699
;;;2024-04-15;;;;;Actividad_Nota_2;267;10066699
;;;2024-04-22;;;;;Actividad_Nota_2;268;10066699
;;;2024-04-23;;;;;Actividad_Nota_2;269;10066699
;;;2024-04-25;;;;;Actividad_Nota_2;270;10066699
;;;2024-04-25;;;;;Actividad_Nota_2;271;10066699
;;;2024-04-23;;;;;Actividad_Nota_2;272;10066699
;;;2024-04-29;;;;;Actividad_Nota_2;273;10066699
;;;2024-04-25;;;;;Actividad_Nota_2;274;10066699
;;;2024-04-29;;;;;Actividad_Nota_2;275;10066699
;;;2024-04-25;;;;;Actividad_Nota_2;276;10066699
;;;2024-05-02;;;;;Actividad_Nota_2;277;10066699
;;;2024-03-26;;;;;Actividad_Nota_1;278;10066699
;;;2024-04-16;;;;;Actividad_Nota_2;279;10066699
;;;2024-05-07;;;;;Actividad_Nota_3;280;10066699
;;;2024-04-16;;;;;Actividad_Nota_2;281;10066699
;;;2024-05-07;;;;;Actividad_Nota_3;282;10066699
;;;2024-03-25;;;;;Actividad_Nota_1;283;10066699
;;;2024-04-22;;;;;Actividad_Nota_2;284;10066699
;;;2024-03-26;;;;;Actividad_Nota_1;285;10066699
;;;2024-04-23;;;;;Actividad_Nota_2;286;10066699
;;;2024-03-25;;;;;Actividad_Nota_1;287;10066699
;;;2024-05-06;;;;;Actividad_Nota_2;288;10066699
;;;2024-03-25;;;;;Actividad_Nota_1;289;10066699
;;;2024-04-22;;;;;Actividad_Nota_2;290;10066699
;;;2024-03-25;;;;;Actividad_Nota_1;291;10066699
;;;2024-05-06;;;;;Actividad_Nota_2;292;10066699
;;;2024-03-27;;;;;Actividad_Nota_1;293;10066699
;;;2024-05-08;;;;;Actividad_Nota_2;294;10066699
;;;2024-03-27;;;;;Actividad_Nota_1;295;10066699
;;;2024-04-29;;;;;Actividad_Nota_2;296;10066699
;;;2024-04-25;;;;;Actividad_Nota_2;297;10066699
;;;2024-04-30;;;;;Actividad_Nota_2;298;10066699
;;;2024-04-24;;;;;Actividad_Nota_2;299;10066699
;;;2024-04-17;;;;;Actividad_Nota_2;300;10066699
;;;2024-04-30;;;;;Actividad_Nota_2;301;10066699
;;;2024-04-18;;;;;Actividad_Nota_2;302;10066699
;;;2024-03-18;;;;;Actividad_Nota_1;303;10066699
;;;2024-04-08;;;;;Actividad_Nota_2;304;10066699
;;;2024-04-25;;;;;Actividad_Nota_2;305;10066699
;;;2024-04-25;;;;;Actividad_Nota_2;306;10066699
;;;2024-04-04;;;;;Actividad_Nota_1;307;10066699
;;;2024-04-25;;;;;Actividad_Nota_2;308;10066699
;;;2024-04-04;;;;;Actividad_Nota_1;309;10066699
;;;2024-04-22;;;;;Actividad_Nota_2;310;10066699
;;;2024-04-08;;;;;Actividad_Nota_1;311;10066699
;;;2024-04-22;;;;;Actividad_Nota_2;312;10066699
;;;2024-03-15;;;;;Actividad_Nota_1;313;10066699
;;;2024-04-18;;;;;Actividad_Nota_2;314;10066699
;;;2024-04-04;;;;;Actividad_Nota_1;315;10066699
;;;2024-04-25;;;;;Actividad_Nota_2;316;10066699
;;;2024-05-06;;;;;Actividad_Nota_2;317;10066699
;;;2024-05-07;;;;;Actividad_Nota_2;318;10066699
;;;2024-04-29;;;;;Actividad_Nota_2;319;10066699
;;;2024-05-06;;;;;Actividad_Nota_2;320;10066699
;;;2024-05-08;;;;;Actividad_Nota_2;321;10066699
;;;2024-05-07;;;;;Actividad_Nota_2;322;10066699
;;;2024-05-08;;;;;Actividad_Nota_2;323;10066699
;;;2024-05-14;;;;;Actividad_Nota_2;324;10066699
;;;2024-05-02;;;;;Actividad_Nota_2;325;10066699
;;;2024-05-08;;;;;Actividad_Nota_2;326;10066699
;;;2024-05-08;;;;;Actividad_Nota_2;327;10066699
;;;2024-05-08;;;;;Actividad_Nota_2;328;10066699
;;;2024-05-07;;;;;Actividad_Nota_2;329;10066699
;;;2024-05-09;;;;;Actividad_Nota_2;330;10066699
;;;2024-04-25;;;;;Actividad_Nota_2;331;10066699
;;;2024-05-23;;;;;Actividad_Nota_3;332;10066699
;;;2024-05-30;;;;;Actividad_Nota_4;333;10066699
;;;2024-06-06;;;;;Actividad_Nota_5;334;10066699
;;;2024-06-13;;;;;Actividad_Nota_6;335;10066699
;;;2024-06-13;;;;;Actividad_Nota_7;336;10066699
;;;2024-06-13;;;;;Actividad_Nota_8;337;10066699
;;;2024-04-25;;;;;Actividad_Nota_2;338;10066699
;;;2024-05-23;;;;;Actividad_Nota_3;339;10066699
;;;2024-05-30;;;;;Actividad_Nota_4;340;10066699
;;;2024-06-06;;;;;Actividad_Nota_5;341;10066699
;;;2024-06-13;;;;;Actividad_Nota_6;342;10066699
;;;2024-06-13;;;;;Actividad_Nota_7;343;10066699
;;;2024-06-13;;;;;Actividad_Nota_8;344;10066699
;;;2024-05-07;;;;;Actividad_Nota_2;345;10066699
;;;2024-05-09;;;;;Actividad_Nota_2;346;10066699
;;;2024-05-08;;;;;Actividad_Nota_2;347;10066699
;;;2024-05-03;;;;;Actividad_Nota_2;348;10066699
;;;2024-04-29;;;;;Actividad_Nota_2;349;10066699
;;;2024-05-03;;;;;Actividad_Nota_2;350;10066699
;;;2024-04-04;;;;;Actividad_Nota_1;351;10066699
;;;2024-04-25;;;;;Actividad_Nota_2;352;10066699
;;;2024-05-09;;;;;Actividad_Nota_2;353;10066699
;;;2024-05-02;;;;;Actividad_Nota_2;354;10066699
;;;2024-05-03;;;;;Actividad_Nota_2;355;10066699
;;;2024-05-03;;;;;Actividad_Nota_2;356;10066699
;;;2024-03-22;;;;;Actividad_Nota_1;357;10066699
;;;2024-05-03;;;;;Actividad_Nota_2;358;10066699
;;;2024-05-02;;;;;Actividad_Nota_2;359;10066699
;;;2024-05-08;;;;;Actividad_Nota_2;360;10066699
;;;2024-05-09;;;;;Actividad_Nota_2;361;10066699
;;;2024-05-13;;;;;Actividad_Nota_2;362;10066699
;;;2024-05-15;;;;;Actividad_Nota_2;363;10066699
;;;2024-05-10;;;;;Actividad_Nota_2;364;10066699
;;;2024-04-25;;;;;Actividad_Nota_1;365;10066699
;;;2024-05-10;;;;;Actividad_Nota_2;366;10066699
;;;2024-05-08;;;;;Actividad_Nota_2;367;10066699
;;;2024-05-15;;;;;Actividad_Nota_2;368;10066699
;;;2024-05-27;;;;;Actividad_Nota_3;369;10066699
;;;2024-06-07;;;;;Actividad_Nota_4;370;10066699
;;;2024-06-07;;;;;Actividad_Nota_5;371;10066699
;;;2024-05-08;;;;;Actividad_Nota_2;372;10066699
;;;2024-05-14;;;;;Actividad_Nota_2;373;10066699
;;;2024-05-09;;;;;Actividad_Nota_2;374;10066699
;;;2024-05-22;;;;;Actividad_Nota_3;375;10066699
;;;2024-05-02;;;;;Actividad_Nota_3;376;10066699
;;;2024-05-16;;;;;Actividad_Nota_4;377;10066699
;;;2024-05-13;;;;;Actividad_Nota_3;378;10066699
;;;2024-06-07;;;;;Actividad_Nota_4;379;10066699
;;;2024-06-14;;;;;Actividad_Nota_5;380;10066699
;;;2024-06-14;;;;;Actividad_Nota_6;381;10066699
;;;2024-06-11;;;;;Actividad_Nota_4;382;10066699
;;;2024-06-11;;;;;Actividad_Nota_5;383;10066699
;;;2024-06-07;;;;;Actividad_Nota_4;384;10066699
;;;2024-06-07;;;;;Actividad_Nota_5;385;10066699
;;;2024-04-22;;;;;Actividad_Nota_3;386;10066699
;;;2024-05-09;;;;;Actividad_Nota_3;387;10066699
;;;2024-05-27;;;;;Actividad_Nota_3;388;10066699
;;;2024-05-30;;;;;Actividad_Nota_3;389;10066699
;;;2024-06-07;;;;;Actividad_Nota_4;390;10066699
;;;2024-05-31;;;;;Actividad_Nota_3;391;10066699
;;;2024-06-07;;;;;Actividad_Nota_4;392;10066699
;;;2024-05-31;;;;;Actividad_Nota_3;393;10066699
;;;2024-06-07;;;;;Actividad_Nota_4;394;10066699
;;;2024-05-28;;;;;Actividad_Nota_3;395;10066699
;;;2024-06-07;;;;;Actividad_Nota_4;396;10066699
;;;2024-05-28;;;;;Actividad_Nota_3;397;10066699
;;;2024-06-07;;;;;Actividad_Nota_4;398;10066699
;;;2024-05-30;;;;;Actividad_Nota_3;399;10066699
;;;2024-06-07;;;;;Actividad_Nota_4;400;10066699
;;;2024-06-07;;;;;Actividad_Nota_5;401;10066699
;;;2024-06-13;;;;;Actividad_Nota_6;402;10066699
;;;2024-05-30;;;;;Actividad_Nota_3;403;10066699
;;;2024-06-07;;;;;Actividad_Nota_4;404;10066699
;;;2024-06-07;;;;;Actividad_Nota_5;405;10066699
;;;2024-05-24;;;;;Actividad_Nota_3;406;10066699
;;;2024-06-07;;;;;Actividad_Nota_4;407;10066699
;;;2024-06-07;;;;;Actividad_Nota_5;408;10066699
;;;2024-06-14;;;;;Actividad_Nota_6;409;10066699
;;;2024-05-24;;;;;Actividad_Nota_3;410;10066699
;;;2024-03-22;;;;;Actividad_Nota_2;411;10066699
;;;2024-05-24;;;;;Actividad_Nota_3;412;10066699
;;;2024-04-22;;;;;Actividad_Nota_2;413;10066699
;;;2024-05-20;;;;;Actividad_Nota_3;414;10066699
;;;2024-05-24;;;;;Actividad_Nota_4;415;10066699
;;;2024-04-23;;;;;Actividad_Nota_3;416;10066699
;;;2024-05-21;;;;;Actividad_Nota_4;417;10066699
;;;2024-05-24;;;;;Actividad_Nota_5;418;10066699
;;;2024-04-22;;;;;Actividad_Nota_2;419;10066699
;;;2024-05-20;;;;;Actividad_Nota_3;420;10066699
;;;2024-05-27;;;;;Actividad_Nota_4;421;10066699
;;;2024-05-27;;;;;Actividad_Nota_3;422;10066699
;;;2024-05-13;;;;;Actividad_Nota_1;423;10066699
;;;2024-05-27;;;;;Actividad_Nota_3;424;10066699
;;;2024-05-08;;;;;Actividad_Nota_3;425;10066699
;;;2024-05-24;;;;;Actividad_Nota_3;426;10066699
;;;2024-05-27;;;;;Actividad_Nota_3;427;10066699
;;;2024-05-27;;;;;Actividad_Nota_3;428;10066699
;;;2024-05-28;;;;;Actividad_Nota_4;429;10066699
;;;2024-05-14;;;;;Actividad_Nota_3;430;10066699
;;;2024-05-29;;;;;Actividad_Nota_3;431;10066699
;;;2024-05-27;;;;;Actividad_Nota_3;432;10066699
;;;2024-05-27;;;;;Actividad_Nota_3;433;10066699
;;;2024-05-30;;;;;Actividad_Nota_3;434;10066699
;;;2024-05-29;;;;;Actividad_Nota_3;435;10066699
;;;2024-05-29;;;;;Actividad_Nota_4;436;10066699
;;;2024-05-22;;;;;Actividad_Nota_3;437;10066699
;;;2024-05-09;;;;;Actividad_Nota_3;438;10066699
;;;2024-05-30;;;;;Actividad_Nota_4;439;10066699
;;;2024-06-06;;;;;Actividad_Nota_5;440;10066699
;;;2024-06-06;;;;;Actividad_Nota_6;441;10066699
;;;2024-06-13;;;;;Actividad_Nota_7;442;10066699
;;;2024-06-13;;;;;Actividad_Nota_8;443;10066699
;;;2024-05-09;;;;;Actividad_Nota_3;444;10066699
;;;2024-05-30;;;;;Actividad_Nota_4;445;10066699
;;;2024-06-06;;;;;Actividad_Nota_5;446;10066699
;;;2024-06-06;;;;;Actividad_Nota_6;447;10066699
;;;2024-06-13;;;;;Actividad_Nota_7;448;10066699
;;;2024-06-13;;;;;Actividad_Nota_8;449;10066699
;;;2024-05-28;;;;;Actividad_Nota_3;450;10066699
;;;2024-05-31;;;;;Actividad_Nota_4;451;10066699
;;;2024-05-31;;;;;Actividad_Nota_3;452;10066699
;;;2024-06-11;;;;;Actividad_Nota_4;453;10066699
;;;2024-06-11;;;;;Actividad_Nota_5;454;10066699
;;;2024-06-14;;;;;Actividad_Nota_5;455;10066699
;;;2024-06-11;;;;;Actividad_Nota_6;456;10066699
;;;2024-06-11;;;;;Actividad_Nota_7;457;10066699
;;;2024-06-07;;;;;Actividad_Nota_3;458;10066699
;;;2024-06-07;;;;;Actividad_Nota_4;459;10066699
;;;2024-06-14;;;;;Actividad_Nota_3;460;10066699
;;;2024-06-14;;;;;Actividad_Nota_4;461;10066699
;;;2024-06-14;;;;;Actividad_Nota_3;462;10066699
;;;2024-06-14;;;;;Actividad_Nota_4;463;10066699
;;;2024-06-07;;;;;Actividad_Nota_3;464;10066699
;;;2024-06-07;;;;;Actividad_Nota_4;465;10066699
;;;2024-05-10;;;;;Actividad_Nota_3;466;10066699
;;;2024-05-31;;;;;Actividad_Nota_4;467;10066699
;;;2024-05-16;;;;;Actividad_Nota_3;468;10066699
;;;2024-05-16;;;;;Actividad_Nota_3;469;10066699
;;;2024-05-30;;;;;Actividad_Nota_3;470;10066699
;;;2024-05-29;;;;;Actividad_Nota_3;471;10066699
;;;2024-06-03;;;;;Actividad_Nota_4;472;10066699
;;;2024-05-31;;;;;Actividad_Nota_3;473;10066699
;;;2024-06-05;;;;;Actividad_Nota_4;474;10066699
;;;2024-06-05;;;;;Actividad_Nota_5;475;10066699
;;;2024-05-29;;;;;Actividad_Nota_3;476;10066699
;;;2024-06-05;;;;;Actividad_Nota_4;477;10066699
;;;2024-06-12;;;;;Actividad_Nota_5;478;10066699
;;;2024-06-12;;;;;Actividad_Nota_6;479;10066699
;;;2024-06-03;;;;;Actividad_Nota_4;480;10066699
;;;2024-06-03;;;;;Actividad_Nota_5;481;10066699
;;;2024-05-31;;;;;Actividad_Nota_3;482;10066699
;;;2024-06-07;;;;;Actividad_Nota_4;483;10066699
;;;2024-06-04;;;;;Actividad_Nota_4;484;10066699
;;;2024-06-05;;;;;Actividad_Nota_4;485;10066699
;;;2024-05-28;;;;;Actividad_Nota_3;486;10066699
;;;2024-05-28;;;;;Actividad_Nota_3;487;10066699
;;;2024-05-31;;;;;Actividad_Nota_3;488;10066699
;;;2024-05-30;;;;;Actividad_Nota_3;489;10066699
;;;2024-06-06;;;;;Actividad_Nota_4;490;10066699
;;;2024-06-06;;;;;Actividad_Nota_5;491;10066699
;;;2024-06-10;;;;;Actividad_Nota_4;492;10066699
;;;2024-06-10;;;;;Actividad_Nota_5;493;10066699
;;;2024-06-07;;;;;Actividad_Nota_4;494;10066699
;;;2024-06-07;;;;;Actividad_Nota_5;495;10066699
;;;2024-06-07;;;;;Actividad_Nota_4;496;10066699
;;;2024-06-07;;;;;Actividad_Nota_5;497;10066699
;;;2024-06-06;;;;;Actividad_Nota_4;498;10066699
;;;2024-06-06;;;;;Actividad_Nota_5;499;10066699
;;;2024-06-07;;;;;Actividad_Nota_4;500;10066699
;;;2024-06-07;;;;;Actividad_Nota_5;501;10066699
;;;2024-05-31;;;;;Actividad_Nota_3;502;10066699
;;;2024-05-30;;;;;Actividad_Nota_3;503;10066699
;;;2024-05-30;;;;;Actividad_Nota_3;504;10066699
;;;2024-05-14;;;;;Actividad_Nota_2;505;10066699
;;;2024-06-03;;;;;Actividad_Nota_3;506;10066699
;;;2024-06-11;;;;;Actividad_Nota_4;507;10066699
;;;2024-04-26;;;;;Actividad_Nota_2;508;10066699
;;;2024-05-13;;;;;Actividad_Nota_3;509;10066699
;;;2024-06-07;;;;;Actividad_Nota_4;510;10066699
;;;2024-05-14;;;;;Actividad_Nota_2;511;10066699
;;;2024-06-11;;;;;Actividad_Nota_3;512;10066699
;;;2024-06-11;;;;;Actividad_Nota_4;513;10066699
;;;2024-06-11;;;;;Actividad_Nota_5;514;10066699
;;;2024-04-26;;;;;Actividad_Nota_2;515;10066699
;;;2024-05-17;;;;;Actividad_Nota_3;516;10066699
;;;2024-06-14;;;;;Actividad_Nota_4;517;10066699
;;;2024-06-14;;;;;Actividad_Nota_5;518;10066699
;;;2024-06-14;;;;;Actividad_Nota_6;519;10066699
;;;2024-04-08;;;;;Actividad_Nota_2;520;10066699
;;;2024-06-03;;;;;Actividad_Nota_3;521;10066699
;;;2024-06-03;;;;;Actividad_Nota_4;522;10066699
;;;2024-06-10;;;;;Actividad_Nota_5;523;10066699
;;;2024-05-27;;;;;Actividad_Nota_2;524;10066699
;;;2024-06-11;;;;;Actividad_Nota_3;525;10066699
;;;2024-06-11;;;;;Actividad_Nota_4;526;10066699
;;;2024-04-17;;;;;Actividad_Nota_1;527;10066699
;;;2024-05-08;;;;;Actividad_Nota_2;528;10066699
;;;2024-06-05;;;;;Actividad_Nota_3;529;10066699
;;;2024-04-26;;;;;Actividad_Nota_2;530;10066699
;;;2024-05-29;;;;;Actividad_Nota_3;531;10066699
;;;2024-06-14;;;;;Actividad_Nota_4;532;10066699
;;;2024-04-19;;;;;Actividad_Nota_1;533;10066699
;;;2024-05-31;;;;;Actividad_Nota_2;534;10066699
;;;2024-06-14;;;;;Actividad_Nota_3;535;10066699
;;;2024-06-13;;;;;Actividad_Nota_2;536;10066699
;;;2024-06-04;;;;;Actividad_Nota_4;537;10066699
;;;2024-06-11;;;;;Actividad_Nota_5;538;10066699
;;;2024-06-04;;;;;Actividad_Nota_4;539;10066699
;;;2024-06-11;;;;;Actividad_Nota_5;540;10066699
;;;2024-05-27;;;;;Actividad_Nota_2;541;10066699
;;;2024-05-27;;;;;Actividad_Nota_2;542;10066699
;;;2024-05-28;;;;;Actividad_Nota_4;543;10066699
;;;2024-06-17;;;;;Actividad_Nota_5;544;10066699
;;;2024-06-17;;;;;Actividad_Nota_6;545;10066699
;;;2024-06-17;;;;;Actividad_Nota_5;546;10066699
;;;2024-06-17;;;;;Actividad_Nota_6;547;10066699
;;;2024-06-17;;;;;Actividad_Nota_6;548;10066699
;;;2024-06-17;;;;;Actividad_Nota_7;549;10066699
;;;2024-06-17;;;;;Actividad_Nota_5;550;10066699
;;;2024-06-17;;;;;Actividad_Nota_6;551;10066699
;;;2024-05-23;;;;;Actividad_Nota_3;552;10066699
;;;2024-05-23;;;;;Actividad_Nota_3;553;10066699
;;;2024-05-14;;;;;Actividad_Nota_3;554;10066699
;;;2024-05-28;;;;;Actividad_Nota_4;555;10066699
;;;2024-06-12;;;;;Actividad_Nota_5;556;10066699
;;;2024-05-14;;;;;Actividad_Nota_2;557;10066699
;;;2024-06-06;;;;;Actividad_Nota_3;558;10066699
;;;2024-05-16;;;;;Actividad_Nota_2;559;10066699
;;;2024-06-06;;;;;Actividad_Nota_3;560;10066699
;;;2024-06-12;;;;;Actividad_Nota_4;561;10066699
;;;2024-06-12;;;;;Actividad_Nota_5;562;10066699
;;;2024-05-29;;;;;Actividad_Nota_3;563;10066699
;;;2024-06-05;;;;;Actividad_Nota_4;564;10066699
;;;2024-06-05;;;;;Actividad_Nota_5;565;10066699
;;;2024-05-29;;;;;Actividad_Nota_3;566;10066699
;;;2024-05-15;;;;;Actividad_Nota_3;567;10066699
;;;2024-06-05;;;;;Actividad_Nota_4;568;10066699
;;;2024-06-12;;;;;Actividad_Nota_5;569;10066699
;;;2024-05-30;;;;;Actividad_Nota_3;570;10066699
;;;2024-06-12;;;;;Actividad_Nota_4;571;10066699
;;;2024-06-12;;;;;Actividad_Nota_5;572;10066699
;;;2024-06-04;;;;;Actividad_Nota_3;573;10066699
;;;2024-06-12;;;;;Actividad_Nota_4;574;10066699
;;;2024-05-31;;;;;Actividad_Nota_3;575;10066699
;;;2024-06-12;;;;;Actividad_Nota_4;576;10066699
;;;2024-06-07;;;;;Actividad_Nota_4;577;10066699
;;;2024-06-07;;;;;Actividad_Nota_5;578;10066699
;;;2024-06-07;;;;;Actividad_Nota_5;579;10066699
;;;2024-06-10;;;;;Actividad_Nota_4;580;10066699
;;;2024-06-06;;;;;Actividad_Nota_3;581;10066699
;;;2024-06-06;;;;;Actividad_Nota_3;582;10066699
;;;2024-06-07;;;;;Actividad_Nota_5;583;10066699
;;;2024-06-07;;;;;Actividad_Nota_6;584;10066699
;;;2024-06-12;;;;;Actividad_Nota_4;585;10066699
;;;2024-06-12;;;;;Actividad_Nota_4;586;10066699
;;;2024-06-12;;;;;Actividad_Nota_4;587;10066699
;;;2024-06-12;;;;;Actividad_Nota_4;588;10066699
;;;2024-06-12;;;;;Actividad_Nota_4;589;10066699
;;;2024-06-12;;;;;Actividad_Nota_4;590;10066699
;;;2024-06-07;;;;;Actividad_Nota_5;591;10066699
;;;2024-06-07;;;;;Actividad_Nota_6;592;10066699
;;;2024-06-10;;;;;Actividad_Nota_4;593;10066699
;;;2024-06-10;;;;;Actividad_Nota_5;594;10066699
;;;2024-06-10;;;;;Actividad_Nota_4;595;10066699
;;;2024-06-10;;;;;Actividad_Nota_5;596;10066699
;;;2024-06-10;;;;;Actividad_Nota_4;597;10066699
;;;2024-06-10;;;;;Actividad_Nota_5;598;10066699
;;;2024-06-10;;;;;Actividad_Nota_4;599;10066699
;;;2024-06-10;;;;;Actividad_Nota_5;600;10066699
;;;2024-05-20;;;;;Actividad_Nota_3;601;10066699
;;;2024-06-10;;;;;Actividad_Nota_4;602;10066699
;;;2024-06-10;;;;;Actividad_Nota_5;603;10066699
;;;2024-05-20;;;;;Actividad_Nota_3;604;10066699
;;;2024-06-10;;;;;Actividad_Nota_4;605;10066699
;;;2024-06-10;;;;;Actividad_Nota_5;606;10066699
;;;2024-04-16;;;;;Actividad_Nota_2;607;10066699
;;;2024-05-13;;;;;Actividad_Nota_3;608;10066699
;;;2024-06-11;;;;;Actividad_Nota_4;609;10066699
;;;2024-06-11;;;;;Actividad_Nota_5;610;10066699
;;;2024-05-28;;;;;Actividad_Nota_3;611;10066699
;;;2024-06-11;;;;;Actividad_Nota_4;612;10066699
;;;2024-06-11;;;;;Actividad_Nota_5;613;10066699
;;;2024-05-16;;;;;Actividad_Nota_3;614;10066699
;;;2024-06-13;;;;;Actividad_Nota_4;615;10066699
;;;2024-06-13;;;;;Actividad_Nota_5;616;10066699
;;;2024-05-02;;;;;Actividad_Nota_2;617;10066699
;;;2024-05-16;;;;;Actividad_Nota_3;618;10066699
;;;2024-06-10;;;;;Actividad_Nota_4;619;10066699
;;;2024-06-10;;;;;Actividad_Nota_5;620;10066699
;;;2024-04-11;;;;;Actividad_Nota_2;621;10066699
;;;2024-05-16;;;;;Actividad_Nota_3;622;10066699
;;;2024-06-10;;;;;Actividad_Nota_4;623;10066699
;;;2024-06-10;;;;;Actividad_Nota_5;624;10066699
;;;2024-05-09;;;;;Actividad_Nota_3;625;10066699
;;;2024-06-06;;;;;Actividad_Nota_4;626;10066699
;;;2024-06-06;;;;;Actividad_Nota_5;627;10066699
;;;2024-05-09;;;;;Actividad_Nota_3;628;10066699
;;;2024-06-06;;;;;Actividad_Nota_4;629;10066699
;;;2024-06-06;;;;;Actividad_Nota_5;630;10066699
;;;2024-04-30;;;;;Actividad_Nota_2;631;10066699
;;;2024-05-14;;;;;Actividad_Nota_3;632;10066699
;;;2024-06-11;;;;;Actividad_Nota_4;633;10066699
;;;2024-06-11;;;;;Actividad_Nota_5;634;10066699
;;;2024-05-14;;;;;Actividad_Nota_3;635;10066699
;;;2024-06-11;;;;;Actividad_Nota_4;636;10066699
;;;2024-06-11;;;;;Actividad_Nota_5;637;10066699
;;;2024-06-03;;;;;Actividad_Nota_3;638;10066699
;;;2024-06-05;;;;;Actividad_Nota_3;639;10066699
;;;2024-06-05;;;;;Actividad_Nota_3;640;10066699
;;;2024-06-05;;;;;Actividad_Nota_3;641;10066699
;;;2024-06-03;;;;;Actividad_Nota_3;642;10066699
;;;2024-06-03;;;;;Actividad_Nota_3;643;10066699
;;;2024-06-07;;;;;Actividad_Nota_3;644;10066699
;;;2024-06-03;;;;;Actividad_Nota_3;645;10066699
;;;2024-06-05;;;;;Actividad_Nota_3;646;10066699
;;;2024-06-07;;;;;Actividad_Nota_3;647;10066699
;;;2024-06-07;;;;;Actividad_Nota_3;648;10066699
;;;2024-06-06;;;;;Actividad_Nota_1;649;10066699
;;;2024-05-27;;;;;Actividad_Nota_3;650;10066699
;;;2024-06-10;;;;;Actividad_Nota_4;651;10066699
;;;2024-06-10;;;;;Actividad_Nota_5;652;10066699
;;;2024-05-31;;;;;Actividad_Nota_3;653;10066699
;;;2024-06-14;;;;;Actividad_Nota_4;654;10066699
;;;2024-06-17;;;;;Actividad_Nota_5;655;10066699
;;;2024-06-17;;;;;Actividad_Nota_6;656;10066699
;;;2024-06-10;;;;;Actividad_Nota_3;657;10066699
;;;2024-05-27;;;;;Actividad_Nota_4;658;10066699
;;;2024-06-10;;;;;Actividad_Nota_5;659;10066699
;;;2024-06-10;;;;;Actividad_Nota_6;660;10066699
;;;2024-06-12;;;;;Actividad_Nota_7;661;10066699
;;;2024-05-15;;;;;Actividad_Nota_3;662;10066699
;;;2024-06-12;;;;;Actividad_Nota_4;663;10066699
;;;2024-06-12;;;;;Actividad_Nota_5;664;10066699
;;;2024-06-12;;;;;Actividad_Nota_6;665;10066699
;;;2024-08-14;;;;;Actividad_Nota_1;666;10066699
;;;2024-07-24;;;;;Actividad_Nota_1;667;10066699
;;;2024-07-22;;;;;Actividad_Nota_1;668;10066699
;;;2024-07-19;;;;;Actividad_Nota_1;669;10066699
;;;2024-07-17;;;;;Actividad_Nota_1;670;10066699
;;;2024-07-17;;;;;Actividad_Nota_1;671;10066699
;;;2024-07-12;;;;;Actividad_Nota_1;672;10066699
;;;2024-07-19;;;;;Actividad_Nota_1;673;10066699
;;;2024-07-17;;;;;Actividad_Nota_1;674;10066699
;;;2024-07-18;;;;;Actividad_Nota_1;675;10066699
;;;2024-07-19;;;;;Actividad_Nota_1;676;10066699
;;;2024-08-23;;;;;Actividad_Nota_2;677;10066699
;;;2024-09-13;;;;;Actividad_Nota_3;678;10066699
;;;2024-07-11;;;;;Actividad_Nota_1;679;10066699
;;;2024-07-11;;;;;Actividad_Nota_1;680;10066699
;;;2024-07-11;;;;;Actividad_Nota_1;681;10066699
;;;2024-07-23;;;;;Actividad_Nota_2;682;10066699
;;;2024-07-22;;;;;Actividad_Nota_1;683;10066699
;;;2024-07-22;;;;;Actividad_Nota_1;684;10066699
;;;2024-07-23;;;;;Actividad_Nota_1;685;10066699
;;;2024-07-22;;;;;Actividad_Nota_1;686;10066699
;;;2024-07-31;;;;;Actividad_Nota_1;687;10066699
;;;2024-07-31;;;;;Actividad_Nota_1;688;10066699
;;;2024-07-23;;;;;Actividad_Nota_1;689;10066699
;;;2024-08-19;;;;;Actividad_Nota_2;690;10066699
;;;2024-07-25;;;;;Actividad_Nota_1;691;10066699
;;;2024-08-06;;;;;Actividad_Nota_2;692;10066699
;;;2024-07-24;;;;;Actividad_Nota_1;693;10066699
;;;2024-08-14;;;;;Actividad_Nota_2;694;10066699
;;;2024-08-01;;;;;Actividad_Nota_3;695;10066699
;;;2024-09-26;;;;;Actividad_Nota_4;696;10066699
;;;2024-11-04;;;;;Actividad_Nota_5;697;10066699
;;;2024-08-05;;;;;Actividad_Nota_2;698;10066699
;;;2024-07-30;;;;;Actividad_Nota_1;699;10066699
;;;2024-07-22;;;;;Actividad_Nota_1;700;10066699
;;;2024-07-22;;;;;Actividad_Nota_1;701;10066699
;;;2024-07-23;;;;;Actividad_Nota_1;702;10066699
;;;2024-07-23;;;;;Actividad_Nota_1;703;10066699
;;;2024-07-11;;;;;Actividad_Nota_1;704;10066699
;;;2024-07-18;;;;;Actividad_Nota_1;705;10066699
;;;2024-07-08;;;;;Actividad_Nota_1;706;10066699
;;;2024-08-01;;;;;Actividad_Nota_1;707;10066699
;;;2024-07-25;;;;;Actividad_Nota_1;708;10066699
;;;2024-08-01;;;;;Actividad_Nota_2;709;10066699
;;;2024-07-29;;;;;Actividad_Nota_1;710;10066699
;;;2024-07-08;;;;;Actividad_Nota_1;711;10066699
;;;2024-07-18;;;;;Actividad_Nota_1;712;10066699
;;;2024-08-01;;;;;Actividad_Nota_2;713;10066699
;;;2024-07-22;;;;;Actividad_Nota_1;714;10066699
;;;2024-08-05;;;;;Actividad_Nota_2;715;10066699
;;;2024-07-18;;;;;Actividad_Nota_1;716;10066699
;;;2024-08-01;;;;;Actividad_Nota_2;717;10066699
;;;2024-07-31;;;;;Actividad_Nota_1;718;10066699
;;;2024-08-01;;;;;Actividad_Nota_1;719;10066699
;;;2024-08-02;;;;;Actividad_Nota_1;720;10066699
;;;2024-07-23;;;;;Actividad_Nota_1;721;10066699
;;;2024-07-26;;;;;Actividad_Nota_1;722;10066699
;;;2024-08-14;;;;;Actividad_Nota_3;723;10066699
;;;2024-08-08;;;;;Actividad_Nota_1;724;10066699
;;;2024-08-12;;;;;Actividad_Nota_2;725;10066699
;;;2024-08-08;;;;;Actividad_Nota_1;726;10066699
;;;2024-08-12;;;;;Actividad_Nota_2;727;10066699
;;;2024-08-08;;;;;Actividad_Nota_1;728;10066699
;;;2024-08-08;;;;;Actividad_Nota_1;729;10066699
;;;2024-07-31;;;;;Actividad_Nota_1;730;10066699
;;;2024-08-06;;;;;Actividad_Nota_1;731;10066699
;;;2024-08-08;;;;;Actividad_Nota_1;732;10066699
;;;2024-08-07;;;;;Actividad_Nota_1;733;10066699
;;;2024-08-08;;;;;Actividad_Nota_1;734;10066699
;;;2024-08-23;;;;;Actividad_Nota_1;735;10066699
;;;2024-08-14;;;;;Actividad_Nota_1;736;10066699
;;;2024-08-14;;;;;Actividad_Nota_1;737;10066699
;;;2024-08-14;;;;;Actividad_Nota_1;738;10066699
;;;2024-08-14;;;;;Actividad_Nota_1;739;10066699
;;;2024-08-20;;;;;Actividad_Nota_1;740;10066699
;;;2024-08-14;;;;;Actividad_Nota_1;741;10066699
;;;2024-08-20;;;;;Actividad_Nota_2;742;10066699
;;;2024-08-14;;;;;Actividad_Nota_1;743;10066699
;;;2024-08-20;;;;;Actividad_Nota_2;744;10066699
;;;2024-08-21;;;;;Actividad_Nota_1;745;10066699
;;;2024-07-24;;;;;Actividad_Nota_1;746;10066699
;;;2024-07-24;;;;;Actividad_Nota_1;747;10066699
;;;2024-08-21;;;;;Actividad_Nota_2;748;10066699
;;;2024-08-21;;;;;Actividad_Nota_1;749;10066699
;;;2024-07-24;;;;;Actividad_Nota_2;750;10066699
;;;2024-08-23;;;;;Actividad_Nota_2;751;10066699
;;;2024-06-17;;;;;Actividad_Nota_1;752;10066699
;;;2024-08-26;;;;;Actividad_Nota_1;753;10066699
;;;2024-08-27;;;;;Actividad_Nota_3;754;10066699
;;;2024-10-28;;;;;Actividad_Nota_4;755;10066699
;;;2024-09-03;;;;;Actividad_Nota_2;756;10066699
;;;2024-11-05;;;;;Actividad_Nota_3;757;10066699
;;;2024-08-29;;;;;Actividad_Nota_1;758;10066699
;;;2024-08-08;;;;;Actividad_Nota_1;759;10066699
;;;2024-08-26;;;;;Actividad_Nota_2;760;10066699
;;;2024-08-29;;;;;Actividad_Nota_2;761;10066699
;;;2024-08-30;;;;;Actividad_Nota_3;762;10066699
;;;2024-08-30;;;;;Actividad_Nota_2;763;10066699
;;;2024-08-29;;;;;Actividad_Nota_2;764;10066699
;;;2024-08-28;;;;;Actividad_Nota_3;765;10066699
;;;2024-09-05;;;;;Actividad_Nota_4;766;10066699
;;;2024-08-29;;;;;Actividad_Nota_3;767;10066699
;;;2024-08-30;;;;;Actividad_Nota_3;768;10066699
;;;2024-08-28;;;;;Actividad_Nota_2;769;10066699
;;;2024-08-28;;;;;Actividad_Nota_2;770;10066699
;;;2024-08-06;;;;;Actividad_Nota_1;771;10066699
;;;2024-08-27;;;;;Actividad_Nota_2;772;10066699
;;;2024-08-06;;;;;Actividad_Nota_1;773;10066699
;;;2024-08-27;;;;;Actividad_Nota_2;774;10066699
;;;2024-09-02;;;;;Actividad_Nota_4;775;10066699
;;;2024-08-29;;;;;Actividad_Nota_2;776;10066699
;;;2024-09-30;;;;;Actividad_Nota_3;777;10066699
;;;2024-09-30;;;;;Actividad_Nota_3;778;10066699
;;;2024-09-30;;;;;Actividad_Nota_3;779;10066699
;;;2024-09-30;;;;;Actividad_Nota_3;780;10066699
;;;2024-08-13;;;;;Actividad_Nota_1;781;10066699
;;;2024-08-27;;;;;Actividad_Nota_2;782;10066699
;;;2024-08-27;;;;;Actividad_Nota_3;783;10066699
;;;2024-08-27;;;;;Actividad_Nota_4;784;10066699
;;;2024-10-02;;;;;Actividad_Nota_5;785;10066699
;;;2024-10-16;;;;;Actividad_Nota_6;786;10066699
;;;2024-10-16;;;;;Actividad_Nota_7;787;10066699
;;;2024-08-13;;;;;Actividad_Nota_1;788;10066699
;;;2024-08-13;;;;;Actividad_Nota_2;789;10066699
;;;2024-08-27;;;;;Actividad_Nota_3;790;10066699
;;;2024-08-27;;;;;Actividad_Nota_4;791;10066699
;;;2024-08-27;;;;;Actividad_Nota_5;792;10066699
;;;2024-10-02;;;;;Actividad_Nota_6;793;10066699
;;;2024-10-16;;;;;Actividad_Nota_7;794;10066699
;;;2024-10-16;;;;;Actividad_Nota_8;795;10066699
;;;2024-09-05;;;;;Actividad_Nota_3;796;10066699
;;;2024-08-27;;;;;Actividad_Nota_2;797;10066699
;;;2024-08-26;;;;;Actividad_Nota_2;798;10066699
;;;2024-08-26;;;;;Actividad_Nota_3;799;10066699
;;;2024-08-26;;;;;Actividad_Nota_2;800;10066699
;;;2024-08-26;;;;;Actividad_Nota_3;801;10066699
;;;2024-08-26;;;;;Actividad_Nota_2;802;10066699
;;;2024-08-26;;;;;Actividad_Nota_3;803;10066699
;;;2024-08-27;;;;;Actividad_Nota_3;804;10066699
;;;2024-08-23;;;;;Actividad_Nota_1;805;10066699
;;;2024-08-09;;;;;Actividad_Nota_1;806;10066699
;;;2024-09-12;;;;;Actividad_Nota_2;807;10066699
;;;2024-08-16;;;;;Actividad_Nota_2;808;10066699
;;;2024-09-02;;;;;Actividad_Nota_3;809;10066699
;;;2024-09-09;;;;;Actividad_Nota_4;810;10066699
;;;2024-09-06;;;;;Actividad_Nota_2;811;10066699
;;;2024-09-04;;;;;Actividad_Nota_2;812;10066699
;;;2024-09-06;;;;;Actividad_Nota_3;813;10066699
;;;2024-08-30;;;;;Actividad_Nota_2;814;10066699
;;;2024-08-09;;;;;Actividad_Nota_1;815;10066699
;;;2024-08-08;;;;;Actividad_Nota_1;816;10066699
;;;2024-08-29;;;;;Actividad_Nota_2;817;10066699
;;;2024-09-03;;;;;Actividad_Nota_4;818;10066699
;;;2024-09-10;;;;;Actividad_Nota_4;819;10066699
;;;2024-07-26;;;;;Actividad_Nota_1;820;10066699
;;;2024-08-12;;;;;Actividad_Nota_1;821;10066699
;;;2024-09-09;;;;;Actividad_Nota_2;822;10066699
;;;2024-09-12;;;;;Actividad_Nota_3;823;10066699
;;;2024-08-06;;;;;Actividad_Nota_2;824;10066699
;;;2024-07-31;;;;;Actividad_Nota_1;825;10066699
;;;2024-09-04;;;;;Actividad_Nota_2;826;10066699
;;;2024-08-22;;;;;Actividad_Nota_2;827;10066699
;;;2024-08-22;;;;;Actividad_Nota_3;828;10066699
;;;2024-08-12;;;;;Actividad_Nota_2;829;10066699
;;;2024-08-26;;;;;Actividad_Nota_3;830;10066699
;;;2024-10-03;;;;;Actividad_Nota_3;831;10066699
;;;2024-09-12;;;;;Actividad_Nota_1;832;10066699
;;;2024-09-02;;;;;Actividad_Nota_3;833;10066699
;;;2024-09-09;;;;;Actividad_Nota_4;834;10066699
;;;2024-09-06;;;;;Actividad_Nota_2;835;10066699
;;;2024-09-05;;;;;Actividad_Nota_3;836;10066699
;;;2024-09-06;;;;;Actividad_Nota_2;837;10066699
;;;2024-09-10;;;;;Actividad_Nota_2;838;10066699
;;;2024-09-06;;;;;Actividad_Nota_2;839;10066699
;;;2024-09-05;;;;;Actividad_Nota_1;840;10066699
;;;2024-09-06;;;;;Actividad_Nota_1;841;10066699
;;;2024-10-25;;;;;Actividad_Nota_2;842;10066699
;;;2024-09-06;;;;;Actividad_Nota_1;843;10066699
;;;2024-10-25;;;;;Actividad_Nota_2;844;10066699
;;;2024-09-06;;;;;Actividad_Nota_1;845;10066699
;;;2024-10-25;;;;;Actividad_Nota_2;846;10066699
;;;2024-09-02;;;;;Actividad_Nota_1;847;10066699
;;;2024-10-21;;;;;Actividad_Nota_2;848;10066699
;;;2024-09-06;;;;;Actividad_Nota_1;849;10066699
;;;2024-10-25;;;;;Actividad_Nota_2;850;10066699
;;;2024-09-02;;;;;Actividad_Nota_1;851;10066699
;;;2024-10-21;;;;;Actividad_Nota_2;852;10066699
;;;2024-08-08;;;;;Actividad_Nota_1;853;10066699
;;;2024-09-05;;;;;Actividad_Nota_2;854;10066699
;;;2024-10-17;;;;;Actividad_Nota_3;855;10066699
;;;2024-11-05;;;;;Actividad_Nota_4;856;10066699
;;;2024-07-30;;;;;Actividad_Nota_1;857;10066699
;;;2024-08-29;;;;;Actividad_Nota_2;858;10066699
;;;2024-08-08;;;;;Actividad_Nota_1;859;10066699
;;;2024-09-05;;;;;Actividad_Nota_2;860;10066699
;;;2024-09-25;;;;;Actividad_Nota_5;861;10066699
;;;2024-09-03;;;;;Actividad_Nota_2;862;10066699
;;;2024-09-03;;;;;Actividad_Nota_2;863;10066699
;;;2024-09-12;;;;;Actividad_Nota_2;864;10066699
;;;2024-09-27;;;;;Actividad_Nota_5;865;10066699
;;;2024-09-04;;;;;Actividad_Nota_4;866;10066699
;;;2024-10-04;;;;;Actividad_Nota_5;867;10066699
;;;2024-08-28;;;;;Actividad_Nota_2;868;10066699
;;;2024-08-28;;;;;Actividad_Nota_2;869;10066699
;;;2024-08-09;;;;;Actividad_Nota_1;870;10066699
;;;2024-09-27;;;;;Actividad_Nota_2;871;10066699
;;;2024-09-24;;;;;Actividad_Nota_2;872;10066699
;;;2024-07-31;;;;;Actividad_Nota_1;873;10066699
;;;2024-08-30;;;;;Actividad_Nota_2;874;10066699
;;;2024-11-25;;;;;Actividad_Nota_6;875;10066699
;;;2024-09-06;;;;;Actividad_Nota_2;876;10066699
;;;2024-09-06;;;;;Actividad_Nota_4;877;10066699
;;;2024-09-10;;;;;Actividad_Nota_3;878;10066699
;;;2024-10-08;;;;;Actividad_Nota_4;879;10066699
;;;2024-09-24;;;;;Actividad_Nota_3;880;10066699
;;;2024-10-08;;;;;Actividad_Nota_4;881;10066699
;;;2024-10-04;;;;;Actividad_Nota_5;882;10066699
;;;2024-10-04;;;;;Actividad_Nota_3;883;10066699
;;;2024-09-02;;;;;Actividad_Nota_2;884;10066699
;;;2024-09-30;;;;;Actividad_Nota_3;885;10066699
;;;2024-09-26;;;;;Actividad_Nota_2;886;10066699
;;;2024-10-28;;;;;Actividad_Nota_2;887;10066699
;;;2024-09-04;;;;;Actividad_Nota_2;888;10066699
;;;2024-08-21;;;;;Actividad_Nota_2;889;10066699
;;;2024-10-02;;;;;Actividad_Nota_2;890;10066699
;;;2024-10-04;;;;;Actividad_Nota_4;891;10066699
;;;2024-08-19;;;;;Actividad_Nota_3;892;10066699
;;;2024-09-27;;;;;Actividad_Nota_3;893;10066699
;;;2024-10-01;;;;;Actividad_Nota_3;894;10066699
;;;2024-10-07;;;;;Actividad_Nota_3;895;10066699
;;;2024-10-04;;;;;Actividad_Nota_3;896;10066699
;;;2024-10-08;;;;;Actividad_Nota_4;897;10066699
;;;2024-09-25;;;;;Actividad_Nota_2;898;10066699
;;;2024-10-09;;;;;Actividad_Nota_3;899;10066699
;;;2024-09-27;;;;;Actividad_Nota_3;900;10066699
;;;2024-10-07;;;;;Actividad_Nota_5;901;10066699
;;;2024-09-26;;;;;Actividad_Nota_4;902;10066699
;;;2024-10-03;;;;;Actividad_Nota_3;903;10066699
;;;2024-09-06;;;;;Actividad_Nota_3;904;10066699
;;;2024-10-17;;;;;Actividad_Nota_3;905;10066699
;;;2024-10-30;;;;;Actividad_Nota_6;906;10066699
;;;2024-11-28;;;;;Actividad_Nota_6;907;10066699
;;;2024-10-29;;;;;Actividad_Nota_5;908;10066699
;;;2024-10-22;;;;;Actividad_Nota_3;909;10066699
;;;2024-10-15;;;;;Actividad_Nota_2;910;10066699
;;;2024-10-17;;;;;Actividad_Nota_2;911;10066699
;;;2024-10-16;;;;;Actividad_Nota_3;912;10066699
;;;2024-11-07;;;;;Actividad_Nota_5;913;10066699
;;;2024-11-07;;;;;Actividad_Nota_6;914;10066699
;;;2024-07-25;;;;;Actividad_Nota_1;915;10066699
;;;2024-08-22;;;;;Actividad_Nota_2;916;10066699
;;;2024-10-03;;;;;Actividad_Nota_3;917;10066699
;;;2024-07-24;;;;;Actividad_Nota_1;918;10066699
;;;2024-08-28;;;;;Actividad_Nota_2;919;10066699
;;;2024-09-25;;;;;Actividad_Nota_3;920;10066699
;;;2024-07-25;;;;;Actividad_Nota_1;921;10066699
;;;2024-08-22;;;;;Actividad_Nota_2;922;10066699
;;;2024-10-03;;;;;Actividad_Nota_3;923;10066699
;;;2024-10-24;;;;;Actividad_Nota_4;924;10066699
;;;2024-08-26;;;;;Actividad_Nota_2;925;10066699
;;;2024-09-30;;;;;Actividad_Nota_3;926;10066699
;;;2024-08-05;;;;;Actividad_Nota_2;927;10066699
;;;2024-08-26;;;;;Actividad_Nota_3;928;10066699
;;;2024-09-23;;;;;Actividad_Nota_2;929;10066699
;;;2024-09-10;;;;;Actividad_Nota_3;930;10066699
;;;2024-08-27;;;;;Actividad_Nota_2;931;10066699
;;;2024-09-10;;;;;Actividad_Nota_3;932;10066699
;;;2024-09-24;;;;;Actividad_Nota_2;933;10066699
;;;2024-10-03;;;;;Actividad_Nota_3;934;10066699
;;;2024-09-26;;;;;Actividad_Nota_2;935;10066699
;;;2024-09-10;;;;;Actividad_Nota_3;936;10066699
;;;2024-08-22;;;;;Actividad_Nota_2;937;10066699
;;;2024-09-10;;;;;Actividad_Nota_3;938;10066699
;;;2024-10-30;;;;;Actividad_Nota_3;939;10066699
;;;2024-10-29;;;;;Actividad_Nota_3;940;10066699
;;;2024-10-30;;;;;Actividad_Nota_3;941;10066699
;;;2024-10-18;;;;;Actividad_Nota_4;942;10066699
;;;2024-10-21;;;;;Actividad_Nota_5;943;10066699
;;;2024-10-22;;;;;Actividad_Nota_6;944;10066699
;;;2024-11-27;;;;;Actividad_Nota_7;945;10066699
;;;2024-10-15;;;;;Actividad_Nota_4;946;10066699
;;;2024-11-21;;;;;Actividad_Nota_5;947;10066699
;;;2024-10-23;;;;;Actividad_Nota_3;948;10066699
;;;2024-11-20;;;;;Actividad_Nota_4;949;10066699
;;;2024-11-15;;;;;Actividad_Nota_3;950;10066699
;;;2024-10-08;;;;;Actividad_Nota_3;951;10066699
;;;2024-10-29;;;;;Actividad_Nota_4;952;10066699
;;;2024-10-18;;;;;Actividad_Nota_3;953;10066699
;;;2024-11-22;;;;;Actividad_Nota_4;954;10066699
;;;2024-09-30;;;;;Actividad_Nota_4;955;10066699
;;;2024-11-04;;;;;Actividad_Nota_5;956;10066699
;;;2024-10-21;;;;;Actividad_Nota_5;957;10066699
;;;2024-11-05;;;;;Actividad_Nota_5;958;10066699
;;;2024-11-28;;;;;Actividad_Nota_7;959;10066699
;;;2024-11-06;;;;;Actividad_Nota_3;960;10066699
;;;2024-10-29;;;;;Actividad_Nota_4;961;10066699
;;;2024-11-06;;;;;Actividad_Nota_5;962;10066699
;;;2024-10-22;;;;;Actividad_Nota_3;963;10066699
;;;2024-10-22;;;;;Actividad_Nota_3;964;10066699
;;;2024-11-07;;;;;Actividad_Nota_3;965;10066699
;;;2024-10-17;;;;;Actividad_Nota_3;966;10066699
;;;2024-11-05;;;;;Actividad_Nota_4;967;10066699
;;;2024-10-15;;;;;Actividad_Nota_3;968;10066699
;;;2024-10-18;;;;;Actividad_Nota_3;969;10066699
;;;2024-11-05;;;;;Actividad_Nota_3;970;10066699
;;;2024-11-07;;;;;Actividad_Nota_3;971;10066699
;;;2024-10-24;;;;;Actividad_Nota_4;972;10066699
;;;2024-10-24;;;;;Actividad_Nota_4;973;10066699
;;;2024-10-02;;;;;Actividad_Nota_4;974;10066699
;;;2024-11-07;;;;;Actividad_Nota_5;975;10066699
;;;2024-10-30;;;;;Actividad_Nota_8;976;10066699
;;;2024-10-30;;;;;Actividad_Nota_9;977;10066699
;;;2024-11-05;;;;;Actividad_Nota_4;978;10066699
;;;2024-11-14;;;;;Actividad_Nota_5;979;10066699
;;;2024-11-21;;;;;Actividad_Nota_6;980;10066699
;;;2024-11-27;;;;;Actividad_Nota_7;981;10066699
;;;2024-11-27;;;;;Actividad_Nota_8;982;10066699
;;;2024-11-14;;;;;Actividad_Nota_5;983;10066699
;;;2024-11-21;;;;;Actividad_Nota_6;984;10066699
;;;2024-11-27;;;;;Actividad_Nota_7;985;10066699
;;;2024-11-27;;;;;Actividad_Nota_8;986;10066699
;;;2024-11-14;;;;;Actividad_Nota_4;987;10066699
;;;2024-11-18;;;;;Actividad_Nota_5;988;10066699
;;;2024-11-20;;;;;Actividad_Nota_6;989;10066699
;;;2024-11-14;;;;;Actividad_Nota_4;990;10066699
;;;2024-11-18;;;;;Actividad_Nota_5;991;10066699
;;;2024-10-30;;;;;Actividad_Nota_3;992;10066699
;;;2024-11-08;;;;;Actividad_Nota_3;993;10066699
;;;2024-11-14;;;;;Actividad_Nota_4;994;10066699
;;;2024-11-14;;;;;Actividad_Nota_5;995;10066699
;;;2024-10-15;;;;;Actividad_Nota_5;996;10066699
;;;2024-10-25;;;;;Actividad_Nota_4;997;10066699
;;;2024-11-14;;;;;Actividad_Nota_3;998;10066699
;;;2024-11-07;;;;;Actividad_Nota_4;999;10066699
;;;2024-11-20;;;;;Actividad_Nota_4;1000;10066699
;;;2024-11-20;;;;;Actividad_Nota_7;1001;10066699
;;;2024-11-20;;;;;Actividad_Nota_8;1002;10066699
;;;2024-11-25;;;;;Actividad_Nota_7;1003;10066699
;;;2024-11-22;;;;;Actividad_Nota_8;1004;10066699
;;;2024-11-22;;;;;Actividad_Nota_6;1005;10066699
;;;2024-11-22;;;;;Actividad_Nota_7;1006;10066699
;;;2024-11-26;;;;;Actividad_Nota_6;1007;10066699
;;;2024-11-26;;;;;Actividad_Nota_7;1008;10066699
;;;2024-11-26;;;;;Actividad_Nota_6;1009;10066699
;;;2024-11-26;;;;;Actividad_Nota_7;1010;10066699
;;;2024-11-26;;;;;Actividad_Nota_2;1011;10066699
;;;2024-11-14;;;;;Actividad_Nota_4;1012;10066699
;;;2024-11-21;;;;;Actividad_Nota_5;1013;10066699
;;;2024-11-08;;;;;Actividad_Nota_4;1014;10066699
;;;2024-11-22;;;;;Actividad_Nota_5;1015;10066699
;;;2024-11-22;;;;;Actividad_Nota_4;1016;10066699
;;;2024-11-29;;;;;Actividad_Nota_5;1017;10066699
;;;2024-11-29;;;;;Actividad_Nota_6;1018;10066699
;;;2024-11-29;;;;;Actividad_Nota_5;1019;10066699
;;;2024-11-29;;;;;Actividad_Nota_6;1020;10066699
;;;2024-11-28;;;;;Actividad_Nota_4;1021;10066699
;;;2024-11-28;;;;;Actividad_Nota_5;1022;10066699
;;;2024-11-28;;;;;Actividad_Nota_6;1023;10066699
;;;2024-11-14;;;;;Actividad_Nota_4;1024;10066699
;;;2024-11-18;;;;;Actividad_Nota_4;1025;10066699
;;;2024-11-11;;;;;Actividad_Nota_2;1026;10066699
;;;2024-11-11;;;;;Actividad_Nota_3;1027;10066699
;;;2024-11-25;;;;;Actividad_Nota_6;1028;10066699
;;;2024-11-20;;;;;Actividad_Nota_6;1029;10066699
;;;2024-11-20;;;;;Actividad_Nota_7;1030;10066699
;;;2024-11-22;;;;;Actividad_Nota_5;1031;10066699
;;;2024-11-22;;;;;Actividad_Nota_6;1032;10066699
;;;2024-09-24;;;;;Actividad_Nota_2;1033;10066699
;;;2024-11-12;;;;;Actividad_Nota_3;1034;10066699
;;;2024-10-29;;;;;Actividad_Nota_3;1035;10066699
;;;2024-11-21;;;;;Actividad_Nota_6;1036;10066699
;;;2024-11-21;;;;;Actividad_Nota_6;1037;10066699
;;;2024-11-27;;;;;Actividad_Nota_4;1038;10066699
;;;2024-11-27;;;;;Actividad_Nota_5;1039;10066699
;;;2024-11-25;;;;;Actividad_Nota_4;1040;10066699
;;;2024-11-25;;;;;Actividad_Nota_5;1041;10066699
;;;2024-11-25;;;;;Actividad_Nota_4;1042;10066699
;;;2024-11-25;;;;;Actividad_Nota_5;1043;10066699
;;;2024-11-18;;;;;Actividad_Nota_4;1044;10066699
;;;2024-11-18;;;;;Actividad_Nota_5;1045;10066699
;;;2024-11-12;;;;;Actividad_Nota_3;1046;10066699
;;;2024-11-20;;;;;Actividad_Nota_4;1047;10066699
;;;2024-10-22;;;;;Actividad_Nota_4;1048;10066699
;;;2024-11-19;;;;;Actividad_Nota_5;1049;10066699
;;;2024-11-19;;;;;Actividad_Nota_6;1050;10066699
;;;2024-11-21;;;;;Actividad_Nota_4;1051;10066699
;;;2024-11-21;;;;;Actividad_Nota_5;1052;10066699
;;;2024-10-17;;;;;Actividad_Nota_4;1053;10066699
;;;2024-11-21;;;;;Actividad_Nota_5;1054;10066699
;;;2024-11-21;;;;;Actividad_Nota_6;1055;10066699
;;;2024-11-21;;;;;Actividad_Nota_6;1056;10066699
;;;2024-11-07;;;;;Actividad_Nota_4;1057;10066699
;;;2024-11-21;;;;;Actividad_Nota_5;1058;10066699
;;;2024-11-21;;;;;Actividad_Nota_6;1059;10066699
;;;2024-09-26;;;;;Actividad_Nota_2;1060;10066699
;;;2024-10-24;;;;;Actividad_Nota_3;1061;10066699
;;;2024-11-14;;;;;Actividad_Nota_4;1062;10066699
;;;2024-11-21;;;;;Actividad_Nota_5;1063;10066699
;;;2024-09-12;;;;;Actividad_Nota_2;1064;10066699
;;;2024-10-17;;;;;Actividad_Nota_3;1065;10066699
;;;2024-11-14;;;;;Actividad_Nota_4;1066;10066699
;;;2024-11-21;;;;;Actividad_Nota_5;1067;10066699
;;;2024-07-09;;;;;Actividad_Nota_1;1068;10066699
;;;2024-07-23;;;;;Actividad_Nota_2;1069;10066699
;;;2024-08-20;;;;;Actividad_Nota_3;1070;10066699
;;;2024-09-10;;;;;Actividad_Nota_4;1071;10066699
;;;2024-11-05;;;;;Actividad_Nota_5;1072;10066699
;;;2024-11-12;;;;;Actividad_Nota_6;1073;10066699
;;;2024-11-19;;;;;Actividad_Nota_7;1074;10066699
;;;2024-07-23;;;;;Actividad_Nota_2;1075;10066699
;;;2024-08-20;;;;;Actividad_Nota_3;1076;10066699
;;;2024-09-10;;;;;Actividad_Nota_4;1077;10066699
;;;2024-11-05;;;;;Actividad_Nota_5;1078;10066699
;;;2024-11-12;;;;;Actividad_Nota_6;1079;10066699
;;;2024-11-19;;;;;Actividad_Nota_7;1080;10066699
;;;2024-10-01;;;;;Actividad_Nota_1;1081;10066699
;;;2024-08-27;;;;;Actividad_Nota_2;1082;10066699
;;;2024-11-12;;;;;Actividad_Nota_3;1083;10066699
;;;2024-11-26;;;;;Actividad_Nota_4;1084;10066699
;;;2024-10-01;;;;;Actividad_Nota_1;1085;10066699
;;;2024-08-27;;;;;Actividad_Nota_2;1086;10066699
;;;2024-11-12;;;;;Actividad_Nota_3;1087;10066699
;;;2024-11-26;;;;;Actividad_Nota_4;1088;10066699
;;;2024-11-26;;;;;Actividad_Nota_4;1089;10066699
;;;2024-11-26;;;;;Actividad_Nota_5;1090;10066699
;;;2024-11-26;;;;;Actividad_Nota_4;1091;10066699
;;;2024-11-26;;;;;Actividad_Nota_5;1092;10066699
;;;2024-11-26;;;;;Actividad_Nota_4;1093;10066699
;;;2024-11-26;;;;;Actividad_Nota_5;1094;10066699
;;;2024-10-30;;;;;Actividad_Nota_4;1095;10066699
;;;2024-11-26;;;;;Actividad_Nota_4;1096;10066699
;;;2024-11-26;;;;;Actividad_Nota_5;1097;10066699
;;;2024-11-26;;;;;Actividad_Nota_5;1098;10066699
;;;2024-11-26;;;;;Actividad_Nota_6;1099;10066699
;;;2024-11-26;;;;;Actividad_Nota_4;1100;10066699
;;;2024-11-26;;;;;Actividad_Nota_5;1101;10066699
;;;2024-11-26;;;;;Actividad_Nota_4;1102;10066699
;;;2024-11-26;;;;;Actividad_Nota_5;1103;10066699
;;;2024-11-25;;;;;Actividad_Nota_6;1104;10066699
;;;2024-11-21;;;;;Actividad_Nota_2;1105;10066699
;;;2024-11-21;;;;;Actividad_Nota_4;1106;10066699
;;;2024-11-21;;;;;Actividad_Nota_5;1107;10066699
;;;2024-11-28;;;;;Actividad_Nota_7;1108;10066699
;;;2024-11-28;;;;;Actividad_Nota_8;1109;10066699
;;;2024-11-28;;;;;Actividad_Nota_7;1110;10066699
;;;2024-11-28;;;;;Actividad_Nota_8;1111;10066699
;;;2024-11-27;;;;;Actividad_Nota_4;1112;10066699
;;;2024-11-27;;;;;Actividad_Nota_5;1113;10066699
;;;2024-09-05;;;;;Actividad_Nota_1;1114;10066699
;;;2024-09-12;;;;;Actividad_Nota_2;1115;10066699
;;;2024-11-21;;;;;Actividad_Nota_3;1116;10066699
;;;2024-09-04;;;;;Actividad_Nota_1;1117;10066699
;;;2024-09-12;;;;;Actividad_Nota_2;1118;10066699
;;;2024-11-20;;;;;Actividad_Nota_3;1119;10066699
;;;2024-09-05;;;;;Actividad_Nota_1;1120;10066699
;;;2024-09-12;;;;;Actividad_Nota_2;1121;10066699
;;;2024-11-21;;;;;Actividad_Nota_3;1122;10066699
;;;2024-09-04;;;;;Actividad_Nota_1;1123;10066699
;;;2024-09-12;;;;;Actividad_Nota_2;1124;10066699
;;;2024-11-20;;;;;Actividad_Nota_3;1125;10066699
;;;2024-09-03;;;;;Actividad_Nota_1;1126;10066699
;;;2024-09-12;;;;;Actividad_Nota_2;1127;10066699
;;;2024-11-19;;;;;Actividad_Nota_3;1128;10066699
;;;2024-09-03;;;;;Actividad_Nota_1;1129;10066699
;;;2024-09-12;;;;;Actividad_Nota_2;1130;10066699
;;;2024-11-19;;;;;Actividad_Nota_3;1131;10066699
;;;2024-09-04;;;;;Actividad_Nota_1;1132;10066699
;;;2024-09-12;;;;;Actividad_Nota_2;1133;10066699
;;;2024-11-20;;;;;Actividad_Nota_3;1134;10066699
;;;2024-09-03;;;;;Actividad_Nota_1;1135;10066699
;;;2024-09-12;;;;;Actividad_Nota_2;1136;10066699
;;;2024-11-19;;;;;Actividad_Nota_3;1137;10066699
;;;2024-09-03;;;;;Actividad_Nota_1;1138;10066699
;;;2024-09-12;;;;;Actividad_Nota_2;1139;10066699
;;;2024-11-19;;;;;Actividad_Nota_3;1140;10066699
;;;2024-09-05;;;;;Actividad_Nota_1;1141;10066699
;;;2024-09-12;;;;;Actividad_Nota_2;1142;10066699
;;;2024-11-21;;;;;Actividad_Nota_3;1143;10066699
;;;2024-09-04;;;;;Actividad_Nota_1;1144;10066699
;;;2024-09-12;;;;;Actividad_Nota_2;1145;10066699
;;;2024-11-20;;;;;Actividad_Nota_3;1146;10066699
;;;2024-11-28;;;;;Actividad_Nota_6;1147;10066699
;;;2024-11-28;;;;;Actividad_Nota_7;1148;10066699
;;;2024-11-29;;;;;Actividad_Nota_6;1149;10066699
;;;2024-11-29;;;;;Actividad_Nota_7;1150;10066699
;;;2024-11-05;;;;;Actividad_Nota_4;1151;10066699
;;;2024-11-19;;;;;Actividad_Nota_5;1152;10066699
;;;2024-11-28;;;;;Actividad_Nota_6;1153;10066699
;;;2024-11-28;;;;;Actividad_Nota_7;1154;10066699
;;;2024-11-21;;;;;Actividad_Nota_4;1155;10066699
;;;2024-11-28;;;;;Actividad_Nota_5;1156;10066699
;;;2024-11-28;;;;;Actividad_Nota_6;1157;10066699
;;;2024-09-09;;;;;Actividad_Nota_1;1158;10066699
;;;2024-09-09;;;;;Actividad_Nota_2;1159;10066699
;;;2024-09-27;;;;;Actividad_Nota_3;1160;10066699
;;;2024-11-15;;;;;Actividad_Nota_4;1161;10066699
;;;2024-11-29;;;;;Actividad_Nota_5;1162;10066699
;;;2024-11-29;;;;;Actividad_Nota_6;1163;10066699
